image_name,total_boxes,classes_detected,avg_confidence
01 2026 NQ_page_1.png,17,"Section-header, Text",0.6895
01 2026 NQ_page_2.png,34,"Caption, List-item, Page-header, Picture, Section-header, Text",0.6091
01 2026 NQ_page_3.png,1,Page-footer,0.3656
02 2026 NQ_page_1.png,18,"Section-header, Text",0.6817
02 2026 NQ_page_2.png,35,"Caption, List-item, Page-header, Picture, Section-header, Text",0.56
02 2026 NQ_page_3.png,3,"Page-header, Table, Text",0.5591
02 2026 NQ_page_4.png,1,Table,0.9604
02 2026 NQ_page_5.png,18,"List-item, Page-header, Section-header, Table, Text",0.4569
02 2026 NQ_page_6.png,4,"Page-header, Text",0.8455
03 2026 NQ_page_1.png,17,"Section-header, Text, Title",0.6614
03 2026 NQ_page_2.png,20,"Page-header, Section-header, Table, Text",0.7703
03 2026 NQ_page_3.png,21,"Caption, List-item, Page-header, Picture, Section-header, Text",0.5116
04 2026 NQ_page_1.png,18,"Page-header, Section-header, Text",0.7272
04 2026 NQ_page_2.png,12,"Page-header, Section-header, Text",0.8327
04 2026 NQ_page_3.png,12,"Page-header, Text",0.7517
04 2026 NQ_page_4.png,18,"Page-header, Section-header, Text",0.7504
04 2026 NQ_page_5.png,31,"List-item, Page-header, Picture, Section-header, Text",0.5261
05 2026 NQ_page_1.png,18,"Page-header, Section-header, Text",0.659
05 2026 NQ_page_2.png,7,"Page-header, Table, Text",0.8668
05 2026 NQ_page_3.png,9,"Page-header, Table, Text",0.8012
05 2026 NQ_page_4.png,18,"Page-header, Section-header, Text",0.7337
05 2026 NQ_page_5.png,26,"Caption, List-item, Page-header, Picture, Section-header, Text",0.5233
06 2026 NQ_page_1.png,18,"Section-header, Text",0.6891
06 2026 NQ_page_2.png,17,"Page-header, Section-header, Text",0.7136
06 2026 NQ_page_3.png,16,"Page-header, Section-header, Text",0.764
06 2026 NQ_page_4.png,32,"List-item, Page-header, Picture, Section-header, Text",0.6095
08.VBHN-BNV_page_1.png,17,"Section-header, Text",0.7432
08.VBHN-BNV_page_10.png,16,"Page-header, Section-header, Text",0.8643
08.VBHN-BNV_page_11.png,23,"Footnote, List-item, Page-header, Text",0.6375
08.VBHN-BNV_page_12.png,18,"Page-header, Section-header, Text",0.7771
08.VBHN-BNV_page_13.png,16,"Page-header, Text",0.8542
08.VBHN-BNV_page_14.png,18,"Page-header, Section-header, Text",0.771
08.VBHN-BNV_page_15.png,14,"Page-header, Text",0.9239
08.VBHN-BNV_page_16.png,17,"Page-header, Section-header, Text",0.7776
08.VBHN-BNV_page_17.png,11,"Page-header, Section-header, Text",0.8254
08.VBHN-BNV_page_18.png,17,"Page-header, Section-header, Text",0.6985
08.VBHN-BNV_page_19.png,12,"Page-header, Text",0.815
08.VBHN-BNV_page_2.png,18,"Page-header, Section-header, Text",0.8622
08.VBHN-BNV_page_20.png,16,"Page-header, Section-header, Text",0.7757
08.VBHN-BNV_page_21.png,15,"Page-header, Section-header, Text",0.779
08.VBHN-BNV_page_22.png,16,"Page-header, Section-header, Text",0.8682
08.VBHN-BNV_page_23.png,13,"Footnote, Page-header, Text",0.9088
08.VBHN-BNV_page_24.png,17,"Page-header, Section-header, Text",0.8603
08.VBHN-BNV_page_25.png,15,"Page-header, Section-header, Text",0.7615
08.VBHN-BNV_page_26.png,14,"Footnote, Page-header, Text",0.8614
08.VBHN-BNV_page_27.png,18,"Page-header, Section-header, Text",0.7441
08.VBHN-BNV_page_28.png,15,"Page-header, Picture, Section-header, Text",0.5517
08.VBHN-BNV_page_29.png,7,"Page-header, Section-header, Table, Text",0.7285
08.VBHN-BNV_page_3.png,16,"Page-header, Section-header, Text",0.8107
08.VBHN-BNV_page_30.png,15,"Page-header, Section-header, Table, Text",0.6691
08.VBHN-BNV_page_31.png,9,"Page-header, Text",0.5574
08.VBHN-BNV_page_32.png,9,"Page-footer, Page-header, Table, Text",0.5413
08.VBHN-BNV_page_33.png,9,"Page-header, Section-header, Table, Text",0.6438
08.VBHN-BNV_page_34.png,10,"Page-header, Picture, Table, Text",0.6032
08.VBHN-BNV_page_35.png,6,"Page-header, Table, Text",0.7613
08.VBHN-BNV_page_36.png,14,"Page-header, Text",0.6444
08.VBHN-BNV_page_37.png,10,"Page-header, Text",0.6076
08.VBHN-BNV_page_38.png,14,"Page-header, Table, Text",0.5214
08.VBHN-BNV_page_39.png,13,"Footnote, Page-header, Section-header, Table, Text",0.5519
08.VBHN-BNV_page_4.png,17,"Page-header, Section-header, Text",0.7829
08.VBHN-BNV_page_40.png,5,"Table, Text",0.6446
08.VBHN-BNV_page_41.png,12,"Page-header, Table, Text",0.5597
08.VBHN-BNV_page_42.png,14,"Page-header, Table, Text",0.6223
08.VBHN-BNV_page_5.png,15,"Page-header, Text",0.8693
08.VBHN-BNV_page_6.png,15,"Page-header, Section-header, Text",0.8059
08.VBHN-BNV_page_7.png,9,"Page-header, Section-header, Text",0.9075
08.VBHN-BNV_page_8.png,12,"Page-header, Text",0.8887
08.VBHN-BNV_page_9.png,17,"Page-header, Section-header, Text",0.8259
136.2026_page_1.png,21,"Page-footer, Section-header, Text",0.5834
136.2026_page_2.png,14,"Page-footer, Page-header, Text",0.7262
136.2026_page_3.png,30,"List-item, Page-header, Picture, Section-header, Text",0.4319
136.2026_page_4.png,10,"Picture, Text",0.6048
136.2026_page_5.png,14,"Page-footer, Text",0.8645
136.2026_page_6.png,7,"Page-header, Text",0.846
138.2026_page_1.png,21,"Picture, Section-header, Text",0.5461
138.2026_page_10.png,14,"Page-header, Text",0.8689
138.2026_page_11.png,12,Text,0.8684
138.2026_page_12.png,13,Text,0.8575
138.2026_page_13.png,19,"Page-footer, Page-header, Text",0.6971
138.2026_page_14.png,17,"Page-header, Section-header, Text",0.6985
138.2026_page_15.png,21,"List-item, Page-footer, Section-header, Text",0.727
138.2026_page_16.png,14,"Page-header, Text",0.8544
138.2026_page_17.png,14,"Page-footer, Page-header, Text",0.7979
138.2026_page_18.png,17,"Section-header, Text",0.7154
138.2026_page_19.png,14,"Page-footer, Text",0.7671
138.2026_page_2.png,8,Text,0.9196
138.2026_page_20.png,17,"Page-footer, Page-header, Text",0.7445
138.2026_page_21.png,15,"Page-footer, Page-header, Text",0.819
138.2026_page_22.png,15,"Page-footer, Text",0.8202
138.2026_page_23.png,14,"Page-header, Section-header, Text",0.7753
138.2026_page_24.png,14,"Page-footer, Text",0.8517
138.2026_page_25.png,13,"Page-footer, Page-header, Section-header, Text",0.8289
138.2026_page_26.png,14,"Page-footer, Text",0.8066
138.2026_page_27.png,17,"Page-header, Section-header, Text",0.7559
138.2026_page_28.png,11,"Page-footer, Page-header, Text",0.7596
138.2026_page_29.png,14,"Page-footer, Page-header, Section-header, Text",0.7019
138.2026_page_3.png,21,"Page-footer, Page-header, Section-header, Text",0.7003
138.2026_page_30.png,15,Text,0.8172
138.2026_page_31.png,19,"Page-footer, Page-header, Text",0.734
138.2026_page_32.png,28,"List-item, Page-header, Picture, Section-header, Text",0.4401
138.2026_page_33.png,5,"Page-footer, Page-header, Section-header, Table",0.4316
138.2026_page_34.png,3,"Page-footer, Page-header, Table",0.6298
138.2026_page_35.png,3,"Page-header, Picture, Table",0.538
138.2026_page_36.png,8,Text,0.3739
138.2026_page_37.png,21,"List-item, Page-header, Section-header, Table, Text",0.5218
138.2026_page_38.png,16,"Page-footer, Page-header, Text",0.4374
138.2026_page_39.png,25,"Page-footer, Page-header, Text",0.4522
138.2026_page_4.png,14,Text,0.7769
138.2026_page_40.png,19,"Page-footer, Page-header, Picture, Table, Text",0.4498
138.2026_page_41.png,13,"Page-header, Picture, Table, Text",0.4086
138.2026_page_42.png,8,"Section-header, Table, Text",0.5342
138.2026_page_43.png,2,Picture,0.519
138.2026_page_44.png,10,"Page-header, Picture, Text",0.6039
138.2026_page_45.png,16,"Page-header, Section-header, Table, Text",0.5168
138.2026_page_46.png,8,Text,0.4083
138.2026_page_47.png,23,"Page-header, Section-header, Text",0.4538
138.2026_page_48.png,17,"Section-header, Table, Text",0.5181
138.2026_page_49.png,16,"Page-header, Section-header, Text",0.4034
138.2026_page_5.png,12,Text,0.8856
138.2026_page_50.png,2,"Picture, Table",0.4786
138.2026_page_51.png,6,"Page-header, Text",0.439
138.2026_page_52.png,13,"Page-footer, Page-header, Table, Text",0.4125
138.2026_page_53.png,9,"Page-header, Section-header, Table, Text",0.4824
138.2026_page_54.png,2,"Page-header, Table",0.6444
138.2026_page_55.png,2,"Picture, Table",0.4977
138.2026_page_56.png,5,"Picture, Text",0.4812
138.2026_page_57.png,50,"List-item, Page-header, Section-header, Text",0.4317
138.2026_page_58.png,14,"Page-footer, Page-header, Text",0.5158
138.2026_page_6.png,14,Text,0.7308
138.2026_page_7.png,15,"Page-header, Section-header, Text",0.8457
138.2026_page_8.png,15,"Page-header, Text",0.7553
138.2026_page_9.png,18,"Page-footer, Page-header, Text",0.7931
139.2026_page_1.png,21,"Section-header, Text",0.6692
139.2026_page_2.png,25,"Page-footer, Page-header, Section-header, Text",0.6708
139.2026_page_3.png,21,"Page-footer, Page-header, Text",0.7485
139.2026_page_4.png,16,"Page-header, Section-header, Text",0.8174
139.2026_page_5.png,23,"List-item, Page-header, Picture, Section-header, Text",0.5526
140.2026_page_1.png,27,"Picture, Section-header, Text",0.6213
140.2026_page_10.png,19,"Page-footer, Page-header, Section-header, Text",0.6148
140.2026_page_11.png,20,"Page-header, Picture, Section-header, Text",0.489
140.2026_page_12.png,2,"Picture, Table",0.8171
140.2026_page_13.png,2,"Page-footer, Table",0.578
140.2026_page_14.png,5,"Page-footer, Picture, Table, Text",0.6375
140.2026_page_15.png,3,"Page-header, Picture, Table",0.6862
140.2026_page_16.png,1,Table,0.9578
140.2026_page_17.png,4,"Page-footer, Picture, Table, Text",0.3714
140.2026_page_18.png,6,"Section-header, Table, Text",0.5372
140.2026_page_19.png,8,"Page-footer, Page-header, Section-header, Table, Text",0.6815
140.2026_page_2.png,17,"Page-header, Text",0.7848
140.2026_page_20.png,3,"Page-header, Picture, Table",0.4982
140.2026_page_21.png,2,"Picture, Table",0.5304
140.2026_page_22.png,2,"Picture, Table",0.4785
140.2026_page_23.png,4,"Page-footer, Page-header, Picture, Table",0.5318
140.2026_page_24.png,5,"Page-footer, Section-header, Table, Text",0.4762
140.2026_page_25.png,5,"Section-header, Table, Text",0.5758
140.2026_page_26.png,12,"List-item, Page-header, Section-header, Table, Text",0.5216
140.2026_page_3.png,18,"Page-footer, Page-header, Section-header, Text",0.7387
140.2026_page_4.png,15,"Page-footer, Page-header, Section-header, Text",0.703
140.2026_page_5.png,19,"Page-footer, Page-header, Text",0.7727
140.2026_page_6.png,22,"Page-footer, Page-header, Section-header, Text",0.6903
140.2026_page_7.png,16,"Page-header, Text",0.8107
140.2026_page_8.png,15,"Section-header, Text",0.8329
140.2026_page_9.png,13,"Page-footer, Page-header, Text",0.8407
154be910-479d-11f1-8335-35869a31562f_page_1.png,23,"Section-header, Text",0.7051
154be910-479d-11f1-8335-35869a31562f_page_2.png,22,"Page-header, Section-header, Text",0.799
154be910-479d-11f1-8335-35869a31562f_page_3.png,28,"Caption, List-item, Picture, Section-header, Text",0.5486
154be910-479d-11f1-8335-35869a31562f_page_4.png,1,Picture,0.7097
154be910-479d-11f1-8335-35869a31562f_page_5.png,2,"Page-header, Table",0.6323
154be910-479d-11f1-8335-35869a31562f_page_6.png,3,"Page-footer, Page-header, Table",0.6608
1628_QD_QD_2026_page_1.png,15,"Picture, Section-header, Text",0.7274
1628_QD_QD_2026_page_2.png,12,"Picture, Section-header, Text",0.5721
1837_QD-UBND_page_1.png,17,"Section-header, Text",0.7661
1837_QD-UBND_page_2.png,11,"List-item, Page-header, Picture, Text",0.4934
18_2026_QD-UBND_20042026-signed_01_page_1.png,21,"Section-header, Text",0.6682
18_2026_QD-UBND_20042026-signed_01_page_2.png,24,"Page-header, Section-header, Text",0.7089
18_2026_QD-UBND_20042026-signed_01_page_3.png,18,"Page-header, Text",0.7965
18_2026_QD-UBND_20042026-signed_01_page_4.png,21,"Page-header, Text",0.7489
18_2026_QD-UBND_20042026-signed_01_page_5.png,15,"Page-header, Text",0.8901
18_2026_QD-UBND_20042026-signed_01_page_6.png,17,"List-item, Page-header, Picture, Section-header, Text",0.5385
19.2026.QĐ-UBND_page_1.png,18,"Section-header, Text",0.6833
19.2026.QĐ-UBND_page_10.png,21,"Page-header, Text",0.7178
19.2026.QĐ-UBND_page_11.png,20,"Page-header, Text",0.7154
19.2026.QĐ-UBND_page_12.png,26,"Page-header, Text",0.6474
19.2026.QĐ-UBND_page_13.png,21,"Page-header, Table, Text",0.7502
19.2026.QĐ-UBND_page_14.png,2,"Page-header, Table",0.7624
19.2026.QĐ-UBND_page_15.png,2,"Page-header, Table",0.6593
19.2026.QĐ-UBND_page_16.png,1,Table,0.9612
19.2026.QĐ-UBND_page_17.png,2,"Page-header, Table",0.747
19.2026.QĐ-UBND_page_18.png,1,Table,0.9572
19.2026.QĐ-UBND_page_19.png,10,"Page-header, Table, Text",0.7895
19.2026.QĐ-UBND_page_2.png,29,"Caption, List-item, Page-header, Picture, Section-header, Text",0.5934
19.2026.QĐ-UBND_page_20.png,8,"Page-header, Table, Text",0.6198
19.2026.QĐ-UBND_page_21.png,8,"Page-header, Table, Text",0.6525
19.2026.QĐ-UBND_page_22.png,5,"Page-header, Section-header, Table, Text",0.6293
19.2026.QĐ-UBND_page_23.png,1,Table,0.9472
19.2026.QĐ-UBND_page_24.png,1,Table,0.952
19.2026.QĐ-UBND_page_25.png,1,Table,0.9503
19.2026.QĐ-UBND_page_26.png,1,Table,0.9514
19.2026.QĐ-UBND_page_27.png,1,Table,0.9518
19.2026.QĐ-UBND_page_28.png,1,Table,0.9501
19.2026.QĐ-UBND_page_29.png,1,Table,0.9515
19.2026.QĐ-UBND_page_3.png,22,"Page-header, Picture, Section-header, Text",0.6858
19.2026.QĐ-UBND_page_30.png,5,"Page-header, Table, Text",0.7035
19.2026.QĐ-UBND_page_31.png,9,"Page-header, Table, Text",0.6846
19.2026.QĐ-UBND_page_32.png,2,"Page-header, Table",0.6619
19.2026.QĐ-UBND_page_33.png,2,"Page-header, Table",0.6436
19.2026.QĐ-UBND_page_34.png,1,Table,0.9497
19.2026.QĐ-UBND_page_35.png,13,"Page-header, Section-header, Table, Text",0.6119
19.2026.QĐ-UBND_page_36.png,6,"Page-header, Section-header, Table, Text",0.5523
19.2026.QĐ-UBND_page_37.png,7,"Page-header, Section-header, Table, Text",0.7262
19.2026.QĐ-UBND_page_38.png,7,"Caption, Page-header, Table, Text",0.5987
19.2026.QĐ-UBND_page_39.png,1,Table,0.9577
19.2026.QĐ-UBND_page_4.png,15,"Page-header, Text",0.8589
19.2026.QĐ-UBND_page_40.png,13,"Page-header, Section-header, Table, Text",0.7853
19.2026.QĐ-UBND_page_41.png,23,"Page-header, Text",0.6999
19.2026.QĐ-UBND_page_42.png,19,"Page-header, Text",0.7513
19.2026.QĐ-UBND_page_43.png,11,"Page-header, Text",0.7733
19.2026.QĐ-UBND_page_44.png,24,"Page-header, Text",0.6102
19.2026.QĐ-UBND_page_45.png,4,"Page-header, Section-header, Table, Text",0.7391
19.2026.QĐ-UBND_page_46.png,2,"Page-header, Table",0.6479
19.2026.QĐ-UBND_page_47.png,2,"Page-header, Table",0.7044
19.2026.QĐ-UBND_page_48.png,1,Table,0.9564
19.2026.QĐ-UBND_page_49.png,1,Table,0.9485
19.2026.QĐ-UBND_page_5.png,15,"Page-header, Text",0.8195
19.2026.QĐ-UBND_page_50.png,9,"Page-header, Table, Text",0.8396
19.2026.QĐ-UBND_page_51.png,12,"Page-header, Table, Text",0.7343
19.2026.QĐ-UBND_page_52.png,8,"Page-header, Table, Text",0.7142
19.2026.QĐ-UBND_page_53.png,10,"Page-header, Section-header, Table, Text",0.7308
19.2026.QĐ-UBND_page_54.png,14,"Page-header, Section-header, Table, Text",0.7335
19.2026.QĐ-UBND_page_55.png,10,"Page-header, Table, Text",0.742
19.2026.QĐ-UBND_page_56.png,9,"Table, Text",0.8317
19.2026.QĐ-UBND_page_57.png,19,"Page-header, Section-header, Table, Text",0.782
19.2026.QĐ-UBND_page_58.png,18,"Page-header, Text",0.7201
19.2026.QĐ-UBND_page_59.png,25,"Page-header, Text",0.6617
19.2026.QĐ-UBND_page_6.png,16,"Page-header, Text",0.8705
19.2026.QĐ-UBND_page_60.png,27,"Page-header, Text",0.661
19.2026.QĐ-UBND_page_61.png,2,"Page-header, Table",0.8199
19.2026.QĐ-UBND_page_62.png,1,Table,0.9644
19.2026.QĐ-UBND_page_63.png,5,"Table, Text",0.9239
19.2026.QĐ-UBND_page_64.png,4,"Page-header, Table, Text",0.6433
19.2026.QĐ-UBND_page_65.png,2,"Page-header, Table",0.6864
19.2026.QĐ-UBND_page_66.png,11,"Page-header, Table, Text",0.738
19.2026.QĐ-UBND_page_67.png,7,"Page-header, Table, Text",0.8267
19.2026.QĐ-UBND_page_68.png,7,"Page-header, Table, Text",0.7552
19.2026.QĐ-UBND_page_69.png,3,"Table, Text",0.8411
19.2026.QĐ-UBND_page_7.png,11,"Page-header, Section-header, Table, Text",0.732
19.2026.QĐ-UBND_page_70.png,1,Table,0.9622
19.2026.QĐ-UBND_page_71.png,1,Table,0.9577
19.2026.QĐ-UBND_page_72.png,5,"Page-header, Table, Text",0.7662
19.2026.QĐ-UBND_page_73.png,6,"Page-header, Table, Text",0.6869
19.2026.QĐ-UBND_page_74.png,7,"Page-header, Table, Text",0.7337
19.2026.QĐ-UBND_page_75.png,1,Table,0.9534
19.2026.QĐ-UBND_page_76.png,11,"Page-header, Table, Text",0.7823
19.2026.QĐ-UBND_page_77.png,11,"Page-header, Table, Text",0.636
19.2026.QĐ-UBND_page_78.png,6,"Page-header, Table, Text",0.7765
19.2026.QĐ-UBND_page_79.png,8,"Page-header, Table, Text",0.7162
19.2026.QĐ-UBND_page_8.png,15,"Page-header, Section-header, Table, Text",0.7367
19.2026.QĐ-UBND_page_80.png,5,"Caption, Page-header, Table, Text",0.4986
19.2026.QĐ-UBND_page_81.png,12,"Page-header, Section-header, Text",0.7093
19.2026.QĐ-UBND_page_9.png,23,"Page-header, Text",0.6451
19_2026_QD-UBND_22042026-signed_01_page_1.png,17,"Section-header, Text",0.6954
19_2026_QD-UBND_22042026-signed_01_page_2.png,16,"Page-header, Section-header, Text",0.784
19_2026_QD-UBND_22042026-signed_01_page_3.png,9,"List-item, Page-header, Picture, Text",0.4758
20.2026.QĐ-UBND_page_1.png,11,"Section-header, Text",0.7337
20.2026.QĐ-UBND_page_10.png,14,"Page-header, Section-header, Text",0.8806
20.2026.QĐ-UBND_page_11.png,12,"Page-header, Text",0.8873
20.2026.QĐ-UBND_page_12.png,14,"Page-footer, Page-header, Text",0.8604
20.2026.QĐ-UBND_page_13.png,14,"Page-header, Text",0.9115
20.2026.QĐ-UBND_page_14.png,9,"Page-header, Text",0.923
20.2026.QĐ-UBND_page_15.png,14,"Page-header, Text",0.8673
20.2026.QĐ-UBND_page_16.png,18,"Page-header, Section-header, Text",0.6595
20.2026.QĐ-UBND_page_17.png,13,"Page-header, Text",0.8591
20.2026.QĐ-UBND_page_18.png,15,"Page-header, Section-header, Text",0.7899
20.2026.QĐ-UBND_page_19.png,15,"Page-header, Text",0.8931
20.2026.QĐ-UBND_page_2.png,29,"Caption, List-item, Page-header, Picture, Section-header, Text",0.658
20.2026.QĐ-UBND_page_20.png,14,"Page-header, Section-header, Text",0.7031
20.2026.QĐ-UBND_page_21.png,13,"Page-header, Text",0.9227
20.2026.QĐ-UBND_page_22.png,17,"Page-header, Section-header, Text",0.7979
20.2026.QĐ-UBND_page_23.png,21,"Page-footer, Page-header, Text",0.7407
20.2026.QĐ-UBND_page_24.png,16,"Page-header, Text",0.7837
20.2026.QĐ-UBND_page_25.png,13,"Page-header, Section-header, Text",0.8885
20.2026.QĐ-UBND_page_26.png,12,"Page-header, Section-header, Text",0.9034
20.2026.QĐ-UBND_page_27.png,17,"Page-header, Section-header, Text",0.8559
20.2026.QĐ-UBND_page_28.png,17,"Page-header, Text",0.8707
20.2026.QĐ-UBND_page_29.png,16,"Page-header, Section-header, Text",0.7804
20.2026.QĐ-UBND_page_3.png,20,"Section-header, Text",0.6212
20.2026.QĐ-UBND_page_30.png,13,"Page-header, Text",0.9358
20.2026.QĐ-UBND_page_31.png,14,"Page-header, Text",0.9142
20.2026.QĐ-UBND_page_32.png,14,"Page-header, Text",0.9279
20.2026.QĐ-UBND_page_33.png,19,"Page-footer, Page-header, Section-header, Text",0.6791
20.2026.QĐ-UBND_page_4.png,15,"Page-header, Section-header, Text",0.7177
20.2026.QĐ-UBND_page_5.png,16,"Page-header, Text",0.8504
20.2026.QĐ-UBND_page_6.png,17,"Page-header, Section-header, Text",0.8072
20.2026.QĐ-UBND_page_7.png,13,"Page-footer, Page-header, Section-header, Text",0.8584
20.2026.QĐ-UBND_page_8.png,11,"Page-header, Text",0.8976
20.2026.QĐ-UBND_page_9.png,18,"Page-header, Section-header, Text",0.7614
2026_122_66.14_2026_NQ-CP_page_1.png,24,"Page-header, Picture, Section-header, Text",0.6693
2026_122_66.14_2026_NQ-CP_page_2.png,19,"Page-header, Section-header, Text",0.7629
2026_122_66.14_2026_NQ-CP_page_3.png,8,"Page-header, Section-header, Text",0.5448
2026_122_66.14_2026_NQ-CP_page_4.png,6,"Page-header, Table, Text",0.4771
2026_26_66.11_2026_NQ-CP_page_1.png,20,"Page-header, Picture, Section-header, Text",0.6171
2026_26_66.11_2026_NQ-CP_page_2.png,13,"Page-header, Section-header, Text",0.865
2026_26_66.11_2026_NQ-CP_page_3.png,8,"Caption, Page-header, Section-header, Text",0.56
20_2026_QD-UBND_22042026-signed_01_page_1.png,22,"Page-header, Section-header, Text",0.6202
20_2026_QD-UBND_22042026-signed_01_page_2.png,16,"Page-header, Text",0.8321
20_2026_QD-UBND_22042026-signed_01_page_3.png,15,"Caption, Page-header, Picture, Section-header, Text",0.577
20_2026_QD-UBND_22042026-signed_01_page_4.png,14,"Page-header, Section-header, Table, Text",0.6745
20_2026_QD-UBND_22042026-signed_01_page_5.png,7,"Page-header, Text",0.7549
21.2026.QĐ-UBND_page_1.png,15,"Section-header, Text",0.7949
21.2026.QĐ-UBND_page_2.png,11,"Page-header, Section-header, Text",0.7383
21.2026.QĐ-UBND_page_3.png,17,"Page-header, Text",0.7897
21.2026.QĐ-UBND_page_4.png,13,"Page-header, Text",0.8932
21.2026.QĐ-UBND_page_5.png,21,"Caption, List-item, Page-header, Picture, Section-header, Text",0.4872
21.2026.QĐ-UBND_page_6.png,0,,0.0
21_2026_QD-UBND_23042026-signed_01_page_1.png,24,"List-item, Section-header, Text",0.6112
21_2026_QD-UBND_23042026-signed_01_page_2.png,22,"List-item, Page-header, Picture, Text",0.5618
21_2026_TT_BGDDT.signed_page_1.png,21,"Section-header, Text, Title",0.6256
21_2026_TT_BGDDT.signed_page_10.png,18,"Section-header, Text",0.4745
21_2026_TT_BGDDT.signed_page_11.png,8,"List-item, Page-header, Text",0.5116
21_2026_TT_BGDDT.signed_page_12.png,13,"List-item, Page-footer, Section-header, Text",0.4777
21_2026_TT_BGDDT.signed_page_2.png,21,"Page-footer, Page-header, Section-header, Text",0.6645
21_2026_TT_BGDDT.signed_page_3.png,16,"Page-footer, Page-header, Section-header, Text",0.7509
21_2026_TT_BGDDT.signed_page_4.png,18,"Page-footer, Page-header, Text",0.7989
21_2026_TT_BGDDT.signed_page_5.png,15,"Page-header, Section-header, Text",0.8218
21_2026_TT_BGDDT.signed_page_6.png,19,"Page-header, Section-header, Text",0.844
21_2026_TT_BGDDT.signed_page_7.png,39,"List-item, Page-header, Picture, Section-header, Text",0.6129
21_2026_TT_BGDDT.signed_page_8.png,4,Text,0.6494
21_2026_TT_BGDDT.signed_page_9.png,16,"Page-header, Section-header, Text",0.5704
22.2026.QĐ-UBND_0001 (1)_page_1.png,16,"Page-header, Picture, Section-header, Text",0.5983
22.2026.QĐ-UBND_0001 (1)_page_10.png,10,Text,0.9221
22.2026.QĐ-UBND_0001 (1)_page_11.png,12,Text,0.8833
22.2026.QĐ-UBND_0001 (1)_page_12.png,12,Text,0.9226
22.2026.QĐ-UBND_0001 (1)_page_13.png,22,"Section-header, Text",0.6916
22.2026.QĐ-UBND_0001 (1)_page_14.png,14,Text,0.8835
22.2026.QĐ-UBND_0001 (1)_page_15.png,14,"Page-header, Text",0.837
22.2026.QĐ-UBND_0001 (1)_page_16.png,16,"Section-header, Text",0.7751
22.2026.QĐ-UBND_0001 (1)_page_17.png,12,"Section-header, Text",0.8101
22.2026.QĐ-UBND_0001 (1)_page_18.png,15,Text,0.8551
22.2026.QĐ-UBND_0001 (1)_page_19.png,15,"Section-header, Text",0.8575
22.2026.QĐ-UBND_0001 (1)_page_2.png,16,"List-item, Page-header, Picture, Section-header, Text",0.677
22.2026.QĐ-UBND_0001 (1)_page_20.png,15,Text,0.7499
22.2026.QĐ-UBND_0001 (1)_page_21.png,16,"Section-header, Text",0.8362
22.2026.QĐ-UBND_0001 (1)_page_22.png,13,Text,0.9112
22.2026.QĐ-UBND_0001 (1)_page_23.png,18,"Section-header, Text",0.8155
22.2026.QĐ-UBND_0001 (1)_page_24.png,15,"Section-header, Text",0.7592
22.2026.QĐ-UBND_0001 (1)_page_25.png,10,"Section-header, Text",0.8694
22.2026.QĐ-UBND_0001 (1)_page_26.png,13,Text,0.79
22.2026.QĐ-UBND_0001 (1)_page_27.png,16,"Page-header, Section-header, Text",0.8429
22.2026.QĐ-UBND_0001 (1)_page_3.png,24,"Section-header, Text",0.4936
22.2026.QĐ-UBND_0001 (1)_page_4.png,25,"Section-header, Text",0.5309
22.2026.QĐ-UBND_0001 (1)_page_5.png,22,"Section-header, Text",0.6852
22.2026.QĐ-UBND_0001 (1)_page_6.png,13,"Section-header, Text",0.9033
22.2026.QĐ-UBND_0001 (1)_page_7.png,14,"Section-header, Text",0.8648
22.2026.QĐ-UBND_0001 (1)_page_8.png,14,Text,0.8572
22.2026.QĐ-UBND_0001 (1)_page_9.png,18,"Section-header, Text",0.6715
22_2026_QD-UBND_24042026-signed_01_page_1.png,21,"Section-header, Table, Text",0.7056
22_2026_QD-UBND_24042026-signed_01_page_2.png,20,"List-item, Page-header, Picture, Section-header, Text",0.5552
23e19990-4796-11f1-930d-89900c67ddfb_page_1.png,17,"Section-header, Text",0.7147
23e19990-4796-11f1-930d-89900c67ddfb_page_2.png,13,"Page-header, Section-header, Text",0.7319
23e19990-4796-11f1-930d-89900c67ddfb_page_3.png,31,"List-item, Page-header, Picture, Section-header, Text",0.4996
23_2026_QD-UBND_24042026-signed_02_page_1.png,17,"Section-header, Text",0.7449
23_2026_QD-UBND_24042026-signed_02_page_2.png,29,"List-item, Page-header, Picture, Section-header, Text",0.5626
24_2026_QD-UBND_24042026-signed_01_page_1.png,24,"Page-header, Section-header, Text",0.6433
24_2026_QD-UBND_24042026-signed_01_page_2.png,29,"Caption, List-item, Picture, Section-header, Text",0.4355
25 2026 QD_page_1.png,21,"Picture, Section-header, Text",0.6472
25 2026 QD_page_2.png,26,"Caption, List-item, Page-header, Picture, Section-header, Text",0.4705
25 2026 QD_page_3.png,16,"List-item, Section-header, Text",0.6354
25 2026 QD_page_4.png,13,"Page-header, Section-header, Text",0.8196
25 2026 QD_page_5.png,17,"Page-header, Section-header, Text",0.8039
25 2026 QD_page_6.png,13,"Page-header, Text",0.8524
25 2026 QD_page_7.png,16,"Page-header, Text",0.8621
25 2026 QD_page_8.png,9,"Page-header, Section-header, Text",0.8681
25_2026_QD-UBND_24042026-signed_01_page_1.png,19,"Section-header, Text",0.6902
25_2026_QD-UBND_24042026-signed_01_page_2.png,12,"Page-header, Text",0.8896
25_2026_QD-UBND_24042026-signed_01_page_3.png,8,"Page-header, Text",0.8937
25_2026_QD-UBND_24042026-signed_01_page_4.png,18,"Page-header, Section-header, Text",0.8469
25_2026_QD-UBND_24042026-signed_01_page_5.png,32,"List-item, Page-header, Picture, Section-header, Text",0.6092
26 2026 QD_page_1.png,20,"Section-header, Text",0.6204
26 2026 QD_page_2.png,21,"Caption, List-item, Page-header, Picture, Section-header, Text",0.5131
26.2026.QD_page_1.png,24,"Section-header, Text",0.6951
26.2026.QD_page_2.png,16,"Page-header, Text",0.7673
26.2026.QD_page_3.png,17,"Page-header, Text",0.8203
26.2026.QD_page_4.png,25,"List-item, Page-header, Picture, Section-header, Text",0.5577
27.2027.QD.UBND_page_1.png,14,"Picture, Section-header, Text",0.6422
27.2027.QD.UBND_page_2.png,17,"Page-header, Section-header, Text",0.8171
27.2027.QD.UBND_page_3.png,15,"Page-header, Section-header, Text",0.8235
27.2027.QD.UBND_page_4.png,30,"List-item, Page-header, Picture, Section-header, Text",0.5196
27_2026_QD-UBND_24042026-signed_01_page_1.png,18,"Section-header, Text",0.785
27_2026_QD-UBND_24042026-signed_01_page_2.png,14,"Page-header, Section-header, Text",0.855
27_2026_QD-UBND_24042026-signed_01_page_3.png,21,"List-item, Page-header, Picture, Section-header, Text",0.5436
27_2026_QD-UBND_24042026-signed_01_page_4.png,6,"Page-header, Section-header, Table, Text",0.5248
27_2026_QD-UBND_24042026-signed_01_page_5.png,2,"Page-header, Table",0.7001
27_2026_QD-UBND_24042026-signed_01_page_6.png,3,"Caption, Page-header, Table",0.6987
27_2026_QD-UBND_24042026-signed_01_page_7.png,2,"Page-header, Table",0.7265
28.2025.TT-BNV_page_1.png,21,"Page-header, Section-header, Text",0.6533
28.2025.TT-BNV_page_2.png,23,"List-item, Page-header, Picture, Section-header, Text",0.5267
28_2026_QD-UBND_24042026-signed_01_page_1.png,13,"Section-header, Text",0.8431
28_2026_QD-UBND_24042026-signed_01_page_2.png,15,"Page-header, Section-header, Text",0.8453
28_2026_QD-UBND_24042026-signed_01_page_3.png,22,"List-item, Page-header, Picture, Section-header, Text",0.5996
29.2026.QD.UBND.signed_page_1.png,17,"Section-header, Text",0.6786
29.2026.QD.UBND.signed_page_10.png,13,"Page-footer, Section-header, Text",0.9187
29.2026.QD.UBND.signed_page_2.png,20,"List-item, Page-footer, Picture, Section-header, Text",0.702
29.2026.QD.UBND.signed_page_3.png,20,"Page-footer, Section-header, Text",0.7217
29.2026.QD.UBND.signed_page_4.png,17,"Page-footer, Section-header, Text",0.8162
29.2026.QD.UBND.signed_page_5.png,17,"Page-footer, Section-header, Text",0.8372
29.2026.QD.UBND.signed_page_6.png,17,"Page-footer, Section-header, Text",0.821
29.2026.QD.UBND.signed_page_7.png,17,"Page-footer, Text",0.8239
29.2026.QD.UBND.signed_page_8.png,20,"Page-footer, Section-header, Text",0.8421
29.2026.QD.UBND.signed_page_9.png,19,"Page-footer, Section-header, Text",0.7529
29_2026_QD-UBND_26042026-signed_01_page_1.png,17,"Page-header, Section-header, Text",0.7128
29_2026_QD-UBND_26042026-signed_01_page_2.png,15,"List-item, Page-header, Picture, Section-header, Text",0.5189
29_2026_QD-UBND_26042026-signed_01_page_3.png,20,"Page-header, Section-header, Text",0.7123
29_2026_QD-UBND_26042026-signed_01_page_4.png,17,"Page-header, Text",0.7657
29_2026_QD-UBND_26042026-signed_01_page_5.png,19,"Page-header, Text",0.8037
29_2026_QD-UBND_26042026-signed_01_page_6.png,15,"Page-header, Section-header, Text",0.7755
29_2026_QD-UBND_26042026-signed_01_page_7.png,11,"Page-header, Text",0.8588
29_2026_QD-UBND_26042026-signed_01_page_8.png,13,"Page-header, Section-header, Text",0.8726
30.2026.QD.UBND.signed_page_1.png,18,"Section-header, Text",0.6871
30.2026.QD.UBND.signed_page_2.png,35,"List-item, Page-header, Picture, Section-header, Text",0.4998
30_2026_QD-UBND_08042026-signed_page_1.png,20,"Section-header, Text",0.5993
30_2026_QD-UBND_08042026-signed_page_2.png,13,"Page-footer, Page-header, Section-header, Text",0.7316
30_2026_QD-UBND_08042026-signed_page_3.png,19,"List-item, Page-header, Picture, Section-header, Text",0.4515
30_2026_QD-UBND_08042026-signed_page_4.png,3,"Table, Text",0.8398
30_2026_QD-UBND_08042026-signed_page_5.png,1,Table,0.9567
30_2026_QD-UBND_08042026-signed_page_6.png,1,Table,0.9481
30_2026_QD-UBND_08042026-signed_page_7.png,2,"Page-header, Table",0.6303
30_2026_QD-UBND_27042026-signed_01_page_1.png,17,Text,0.6707
30_2026_QD-UBND_27042026-signed_01_page_10.png,14,"Page-header, Section-header, Text",0.7745
30_2026_QD-UBND_27042026-signed_01_page_11.png,16,"Page-header, Section-header, Text",0.8125
30_2026_QD-UBND_27042026-signed_01_page_2.png,20,"List-item, Page-header, Picture, Section-header, Text",0.4533
30_2026_QD-UBND_27042026-signed_01_page_3.png,17,"Page-header, Section-header, Text",0.709
30_2026_QD-UBND_27042026-signed_01_page_4.png,15,"Page-header, Section-header, Text",0.8235
30_2026_QD-UBND_27042026-signed_01_page_5.png,13,"Page-header, Text",0.8367
30_2026_QD-UBND_27042026-signed_01_page_6.png,15,"Page-header, Text",0.8696
30_2026_QD-UBND_27042026-signed_01_page_7.png,15,"Page-header, Section-header, Text",0.8407
30_2026_QD-UBND_27042026-signed_01_page_8.png,12,"Page-header, Text",0.9085
30_2026_QD-UBND_27042026-signed_01_page_9.png,14,"Page-header, Text",0.8769
31.2026.QD.UBND.signed_page_1.png,16,"Section-header, Text",0.7391
31.2026.QD.UBND.signed_page_2.png,14,"Page-header, Text",0.7153
31.2026.QD.UBND.signed_page_3.png,11,"Page-header, Text",0.9206
31.2026.QD.UBND.signed_page_4.png,13,"Page-header, Section-header, Text",0.8152
31.2026.QD.UBND.signed_page_5.png,22,"Caption, List-item, Page-header, Picture, Section-header, Text",0.5123
33.2026.QD.UBND.signed_page_1.png,18,"Section-header, Text",0.732
33.2026.QD.UBND.signed_page_2.png,35,"List-item, Page-header, Picture, Section-header, Text",0.5751
39.QĐUBND_page_1.png,22,"Page-header, Section-header, Text",0.6561
39.QĐUBND_page_10.png,18,"Page-header, Section-header, Text",0.6987
39.QĐUBND_page_11.png,11,Text,0.9398
39.QĐUBND_page_12.png,14,"Page-header, Section-header, Text",0.8338
39.QĐUBND_page_13.png,15,"Page-header, Section-header, Text",0.7034
39.QĐUBND_page_2.png,21,"List-item, Page-header, Picture, Section-header, Text",0.4031
39.QĐUBND_page_3.png,16,"Section-header, Text",0.664
39.QĐUBND_page_4.png,17,"Page-header, Section-header, Text",0.8248
39.QĐUBND_page_5.png,14,"Picture, Text",0.8497
39.QĐUBND_page_6.png,18,"Page-header, Text",0.7996
39.QĐUBND_page_7.png,13,Text,0.846
39.QĐUBND_page_8.png,16,"Section-header, Text",0.7651
39.QĐUBND_page_9.png,14,"Section-header, Text",0.7355
562759_page_1.png,19,"Page-header, Section-header, Text",0.6859
562759_page_10.png,2,"Picture, Table",0.5582
562759_page_100.png,2,"Page-header, Table",0.561
562759_page_1000.png,2,"Page-header, Table",0.5083
562759_page_1001.png,1,Page-header,0.4038
562759_page_1002.png,2,"Page-header, Table",0.5676
562759_page_1003.png,1,Page-header,0.3012
562759_page_1004.png,2,"Page-header, Table",0.48
562759_page_1005.png,1,Table,0.6473
562759_page_1006.png,2,"Page-header, Table",0.5404
562759_page_1007.png,3,"Page-header, Table",0.4098
562759_page_1008.png,3,"Page-header, Picture, Table",0.4412
562759_page_1009.png,2,"Page-header, Table",0.4712
562759_page_101.png,2,"Page-header, Table",0.6077
562759_page_1010.png,2,"Page-header, Table",0.4917
562759_page_1011.png,2,"Page-header, Table",0.5832
562759_page_1012.png,3,"Page-header, Table",0.3565
562759_page_1013.png,2,"Page-header, Table",0.5736
562759_page_1014.png,2,"Page-header, Table",0.4946
562759_page_1015.png,2,"Page-header, Table",0.6439
562759_page_1016.png,1,Table,0.9004
562759_page_1017.png,2,"Page-header, Table",0.6584
562759_page_1018.png,1,Table,0.8716
562759_page_1019.png,2,"Page-header, Table",0.5769
562759_page_102.png,3,"Page-header, Picture, Table",0.5122
562759_page_1020.png,2,"Page-header, Table",0.7086
562759_page_1021.png,2,"Page-header, Table",0.6459
562759_page_1022.png,2,"Page-header, Table",0.5041
562759_page_1023.png,2,"Page-header, Table",0.5327
562759_page_1024.png,2,"Page-header, Table",0.6168
562759_page_1025.png,2,"Page-header, Table",0.73
562759_page_1026.png,2,"Page-header, Table",0.6268
562759_page_1027.png,2,"Page-header, Table",0.5848
562759_page_1028.png,2,"Page-header, Table",0.6188
562759_page_1029.png,1,Page-header,0.3259
562759_page_103.png,2,"Page-header, Table",0.5678
562759_page_1030.png,2,"Page-header, Table",0.5441
562759_page_1031.png,2,"Page-header, Table",0.613
562759_page_1032.png,2,"Page-header, Table",0.5608
562759_page_1033.png,2,"Page-header, Table",0.642
562759_page_1034.png,1,Table,0.8473
562759_page_1035.png,1,Table,0.8693
562759_page_1036.png,2,"Page-header, Table",0.5697
562759_page_1037.png,3,"Page-header, Picture, Table",0.4601
562759_page_1038.png,3,"Page-header, Table",0.4888
562759_page_1039.png,1,Table,0.8049
562759_page_104.png,2,"Page-header, Table",0.6878
562759_page_1040.png,1,Table,0.566
562759_page_1041.png,2,"Page-header, Table",0.3151
562759_page_1042.png,3,"Page-header, Picture, Table",0.4601
562759_page_1043.png,2,"Page-header, Table",0.5781
562759_page_1044.png,3,"Page-header, Table",0.6742
562759_page_1045.png,2,"Page-header, Table",0.5454
562759_page_1046.png,2,"Page-header, Table",0.4578
562759_page_1047.png,2,"Page-header, Table",0.5205
562759_page_1048.png,2,"Page-header, Table",0.5419
562759_page_1049.png,1,Table,0.6781
562759_page_105.png,3,"Page-header, Picture, Table",0.5412
562759_page_1050.png,3,"Page-header, Picture, Table",0.5117
562759_page_1051.png,2,"Page-header, Table",0.6161
562759_page_1052.png,2,"Page-header, Table",0.5572
562759_page_1053.png,2,"Picture, Table",0.5585
562759_page_1054.png,2,"Picture, Table",0.5763
562759_page_1055.png,2,"Caption, Table",0.2845
562759_page_1056.png,2,"Picture, Table",0.5132
562759_page_1057.png,2,"Picture, Table",0.5472
562759_page_1058.png,3,"Page-header, Picture, Table",0.4501
562759_page_1059.png,1,Table,0.7641
562759_page_106.png,3,"Page-header, Picture, Table",0.5537
562759_page_1060.png,2,"Picture, Table",0.5642
562759_page_1061.png,2,"Picture, Table",0.545
562759_page_1062.png,1,Table,0.8105
562759_page_1063.png,2,"Picture, Table",0.5265
562759_page_1064.png,2,"Picture, Table",0.5351
562759_page_1065.png,2,"Caption, Table",0.5353
562759_page_1066.png,1,Table,0.8189
562759_page_1067.png,1,Table,0.6702
562759_page_1068.png,1,Table,0.7905
562759_page_1069.png,1,Table,0.6184
562759_page_107.png,2,"Page-header, Table",0.7131
562759_page_1070.png,2,"Page-header, Table",0.5343
562759_page_1071.png,2,"Picture, Table",0.5684
562759_page_1072.png,3,"Page-header, Picture, Table",0.5084
562759_page_1073.png,3,"Page-header, Picture, Table",0.4576
562759_page_1074.png,2,"Picture, Table",0.5318
562759_page_1075.png,3,"Page-header, Picture, Table",0.4454
562759_page_1076.png,3,"Page-header, Picture, Table",0.4509
562759_page_1077.png,3,"Page-header, Picture, Table",0.4438
562759_page_1078.png,2,"Picture, Table",0.5636
562759_page_1079.png,2,"Picture, Table",0.5516
562759_page_108.png,3,"Page-header, Picture, Table",0.581
562759_page_1080.png,3,"Page-header, Picture, Table",0.4816
562759_page_1081.png,3,"Page-header, Picture, Table",0.4551
562759_page_1082.png,3,"Page-header, Picture, Table",0.4474
562759_page_1083.png,3,"Page-header, Picture, Table",0.4534
562759_page_1084.png,3,"Page-header, Picture, Table",0.4449
562759_page_1085.png,2,"Picture, Table",0.5179
562759_page_1086.png,2,"Picture, Table",0.5505
562759_page_1087.png,2,"Picture, Table",0.5238
562759_page_1088.png,2,"Picture, Table",0.5583
562759_page_1089.png,2,"Picture, Table",0.5299
562759_page_109.png,3,"Page-header, Picture, Table",0.5511
562759_page_1090.png,1,Table,0.3393
562759_page_1091.png,3,"Page-header, Picture, Table",0.447
562759_page_1092.png,3,"Page-header, Picture, Table",0.4415
562759_page_1093.png,3,"Page-header, Picture, Table",0.4381
562759_page_1094.png,2,"Page-header, Table",0.5438
562759_page_1095.png,2,"Page-header, Table",0.5404
562759_page_1096.png,3,"Page-header, Picture, Table",0.4578
562759_page_1097.png,1,Table,0.7512
562759_page_1098.png,2,"Page-header, Table",0.5783
562759_page_1099.png,2,"Page-header, Table",0.3413
562759_page_11.png,2,"Page-header, Table",0.5453
562759_page_110.png,2,"Page-header, Table",0.6841
562759_page_1100.png,4,"Page-header, Picture, Table",0.4617
562759_page_1101.png,2,"Page-header, Table",0.5829
562759_page_1102.png,2,"Page-header, Table",0.6114
562759_page_1103.png,3,"Page-header, Picture, Table",0.4769
562759_page_1104.png,3,"Page-header, Table",0.4128
562759_page_1105.png,1,Table,0.7796
562759_page_1106.png,2,"Page-header, Table",0.6971
562759_page_1107.png,2,"Page-header, Table",0.5155
562759_page_1108.png,2,"Page-header, Table",0.5587
562759_page_1109.png,2,"Picture, Table",0.5629
562759_page_111.png,2,"Page-header, Table",0.7215
562759_page_1110.png,1,Page-header,0.4374
562759_page_1111.png,2,"Page-header, Table",0.5308
562759_page_1112.png,1,Table,0.8099
562759_page_1113.png,1,Table,0.7811
562759_page_1114.png,2,"Page-header, Table",0.5284
562759_page_1115.png,2,"Picture, Table",0.5324
562759_page_1116.png,0,,0.0
562759_page_1117.png,2,"Page-header, Table",0.621
562759_page_1118.png,3,"Page-header, Picture, Table",0.4572
562759_page_1119.png,2,"Picture, Table",0.332
562759_page_112.png,2,"Page-header, Table",0.7008
562759_page_1120.png,1,Table,0.4521
562759_page_1121.png,2,"Page-header, Table",0.5954
562759_page_1122.png,2,"Picture, Table",0.5655
562759_page_1123.png,2,"Page-header, Table",0.5325
562759_page_1124.png,3,"Page-header, Picture, Table",0.4532
562759_page_1125.png,1,Table,0.8107
562759_page_1126.png,3,"Page-header, Picture, Table",0.4975
562759_page_1127.png,1,Page-header,0.6743
562759_page_1128.png,3,"Page-header, Picture, Table",0.4601
562759_page_1129.png,3,"Page-header, Picture, Table",0.4365
562759_page_113.png,2,"Page-header, Table",0.6747
562759_page_1130.png,3,"Page-header, Picture, Table",0.5472
562759_page_1131.png,1,Table,0.8374
562759_page_1132.png,1,Table,0.7755
562759_page_1133.png,2,"Picture, Table",0.4996
562759_page_1134.png,3,"Page-header, Picture, Table",0.4867
562759_page_1135.png,2,"Page-header, Table",0.3399
562759_page_1136.png,2,"Page-header, Table",0.6707
562759_page_1137.png,2,"Page-header, Table",0.4753
562759_page_1138.png,2,"Page-header, Table",0.5496
562759_page_1139.png,3,"Page-header, Picture, Table",0.4607
562759_page_114.png,3,"Page-header, Picture, Table",0.4982
562759_page_1140.png,2,"Page-header, Table",0.6802
562759_page_1141.png,1,Page-header,0.5149
562759_page_1142.png,2,"Page-header, Table",0.636
562759_page_1143.png,2,"Page-header, Table",0.5462
562759_page_1144.png,2,"Page-header, Table",0.3401
562759_page_1145.png,2,"Page-header, Table",0.5135
562759_page_1146.png,2,"Page-header, Table",0.6667
562759_page_1147.png,2,"Page-header, Table",0.6279
562759_page_1148.png,2,"Page-header, Table",0.6728
562759_page_1149.png,3,"Page-header, Picture, Table",0.4633
562759_page_115.png,3,"Page-header, Picture, Table",0.4834
562759_page_1150.png,2,"Page-header, Table",0.6922
562759_page_1151.png,2,"Page-header, Table",0.6229
562759_page_1152.png,2,"Page-header, Table",0.4239
562759_page_1153.png,3,"Page-header, Picture, Table",0.4605
562759_page_1154.png,3,"Page-header, Picture, Table",0.4484
562759_page_1155.png,2,"Picture, Table",0.4812
562759_page_1156.png,2,"Picture, Table",0.5058
562759_page_1157.png,3,"Page-header, Picture, Table",0.4359
562759_page_1158.png,2,"Page-header, Table",0.4548
562759_page_1159.png,2,"Page-header, Table",0.4649
562759_page_116.png,2,"Page-header, Table",0.6401
562759_page_1160.png,3,"Page-header, Picture, Table",0.3751
562759_page_1161.png,3,"Page-header, Picture, Table",0.4471
562759_page_1162.png,3,"Page-header, Picture, Table",0.439
562759_page_1163.png,3,"Page-header, Picture, Table",0.4607
562759_page_1164.png,3,"Page-header, Picture, Table",0.4477
562759_page_1165.png,2,"Picture, Table",0.4603
562759_page_1166.png,3,"Page-header, Picture, Table",0.4297
562759_page_1167.png,3,"Page-header, Picture, Table",0.4396
562759_page_1168.png,3,"Page-header, Picture, Table",0.4338
562759_page_1169.png,2,"Picture, Table",0.4786
562759_page_117.png,3,"Page-header, Picture, Table",0.4876
562759_page_1170.png,3,"Page-header, Picture, Table",0.4075
562759_page_1171.png,3,"Page-header, Picture, Table",0.3733
562759_page_1172.png,3,"Page-header, Picture, Table",0.4342
562759_page_1173.png,3,"Page-header, Picture, Table",0.447
562759_page_1174.png,3,"Page-header, Picture, Table",0.4287
562759_page_1175.png,2,"Picture, Table",0.5461
562759_page_1176.png,2,"Picture, Table",0.5076
562759_page_1177.png,1,Table,0.6139
562759_page_1178.png,2,"Picture, Table",0.4855
562759_page_1179.png,3,"Page-header, Picture, Table",0.3983
562759_page_118.png,3,"Page-header, Picture, Table",0.4868
562759_page_1180.png,3,"Page-header, Picture, Table",0.4062
562759_page_1181.png,2,"Picture, Table",0.5175
562759_page_1182.png,2,"Page-header, Table",0.3854
562759_page_1183.png,3,"Page-header, Picture, Table",0.3877
562759_page_1184.png,3,"Page-header, Picture, Table",0.5175
562759_page_1185.png,2,"Picture, Table",0.55
562759_page_1186.png,1,Table,0.4517
562759_page_1187.png,2,"Picture, Table",0.5394
562759_page_1188.png,3,"Page-header, Picture, Table",0.4536
562759_page_1189.png,3,"Page-header, Picture, Table",0.511
562759_page_119.png,3,"Page-header, Picture, Table",0.4903
562759_page_1190.png,2,"Picture, Table",0.5881
562759_page_1191.png,3,"Page-header, Picture, Table",0.4902
562759_page_1192.png,3,"Page-header, Picture, Table",0.4989
562759_page_1193.png,3,"Page-header, Picture, Table",0.4758
562759_page_1194.png,3,"Page-header, Picture, Table",0.5009
562759_page_1195.png,2,"Picture, Table",0.6088
562759_page_1196.png,2,"Picture, Table",0.5836
562759_page_1197.png,3,"Page-header, Picture, Table",0.5053
562759_page_1198.png,3,"Page-header, Picture, Table",0.4825
562759_page_1199.png,3,"Page-header, Picture, Table",0.4335
562759_page_12.png,3,"Page-header, Picture, Table",0.4812
562759_page_120.png,3,"Page-header, Picture, Table",0.5117
562759_page_1200.png,2,"Page-header, Table",0.3728
562759_page_1201.png,2,"Page-header, Table",0.5959
562759_page_1202.png,2,"Page-header, Table",0.5752
562759_page_1203.png,2,"Page-header, Table",0.7058
562759_page_1204.png,2,"Page-header, Table",0.6815
562759_page_1205.png,2,"Page-header, Table",0.5899
562759_page_1206.png,2,"Page-header, Table",0.6077
562759_page_1207.png,1,Table,0.8878
562759_page_1208.png,2,"Page-header, Table",0.6867
562759_page_1209.png,3,"Page-header, Picture, Table",0.4432
562759_page_121.png,2,"Page-header, Table",0.6721
562759_page_1210.png,1,Table,0.799
562759_page_1211.png,1,Table,0.8804
562759_page_1212.png,2,"Page-header, Table",0.6354
562759_page_1213.png,2,"Page-header, Table",0.2915
562759_page_1214.png,2,"Page-header, Table",0.4107
562759_page_1215.png,2,"Page-header, Table",0.6108
562759_page_122.png,3,"Page-header, Picture, Table",0.539
562759_page_123.png,2,"Page-header, Table",0.6636
562759_page_124.png,3,"Page-header, Picture, Table",0.5781
562759_page_125.png,3,"Page-header, Picture, Table",0.5974
562759_page_126.png,3,"Page-header, Picture, Table",0.5434
562759_page_127.png,2,"Page-header, Table",0.6726
562759_page_128.png,3,"Page-header, Picture, Table",0.5499
562759_page_129.png,3,"Page-header, Picture, Table",0.5506
562759_page_13.png,2,"Page-header, Table",0.6318
562759_page_130.png,3,"Page-header, Picture, Table",0.5265
562759_page_131.png,3,"Page-header, Picture, Table",0.5163
562759_page_132.png,3,"Page-header, Picture, Table",0.5515
562759_page_133.png,3,"Page-header, Picture, Table",0.5473
562759_page_134.png,2,"Page-header, Table",0.6705
562759_page_135.png,3,"Page-header, Picture, Table",0.5545
562759_page_136.png,3,"Page-header, Picture, Table",0.5261
562759_page_137.png,3,"Page-header, Picture, Table",0.5061
562759_page_138.png,3,"Page-header, Picture, Table",0.561
562759_page_139.png,3,"Page-header, Picture, Table",0.5311
562759_page_14.png,2,"Page-header, Table",0.6233
562759_page_140.png,3,"Page-header, Picture, Table",0.5292
562759_page_141.png,3,"Page-header, Picture, Table",0.5302
562759_page_142.png,3,"Page-header, Picture, Table",0.5339
562759_page_143.png,3,"Page-header, Picture, Table",0.5551
562759_page_144.png,3,"Page-header, Picture, Table",0.5703
562759_page_145.png,3,"Page-header, Picture, Table",0.5617
562759_page_146.png,3,"Page-header, Picture, Table",0.556
562759_page_147.png,3,"Page-header, Picture, Table",0.5827
562759_page_148.png,3,"Page-header, Picture, Table",0.5582
562759_page_149.png,3,"Page-header, Picture, Table",0.5662
562759_page_15.png,2,"Page-header, Table",0.685
562759_page_150.png,3,"Page-header, Picture, Table",0.5383
562759_page_151.png,3,"Page-header, Picture, Table",0.5645
562759_page_152.png,2,"Page-header, Table",0.716
562759_page_153.png,2,"Page-header, Table",0.6986
562759_page_154.png,3,"Page-header, Picture, Table",0.5419
562759_page_155.png,3,"Page-header, Picture, Table",0.5591
562759_page_156.png,3,"Page-header, Picture, Table",0.5469
562759_page_157.png,3,"Page-header, Picture, Table",0.4765
562759_page_158.png,3,"Page-header, Picture, Table",0.4768
562759_page_159.png,2,"Picture, Table",0.5294
562759_page_16.png,1,Page-header,0.268
562759_page_160.png,3,"Caption, Picture, Table",0.4658
562759_page_161.png,3,"Page-header, Picture, Table",0.5228
562759_page_162.png,3,"Page-header, Picture, Table",0.5012
562759_page_163.png,3,"Page-header, Picture, Table",0.5112
562759_page_164.png,3,"Page-header, Picture, Table",0.4741
562759_page_165.png,3,"Page-header, Picture, Table",0.4617
562759_page_166.png,3,"Page-header, Picture, Table",0.529
562759_page_167.png,2,"Page-header, Table",0.6756
562759_page_168.png,2,"Page-header, Table",0.7118
562759_page_169.png,3,"Page-header, Picture, Table",0.5125
562759_page_17.png,1,Table,0.7696
562759_page_170.png,3,"Page-header, Picture, Table",0.586
562759_page_171.png,3,"Page-header, Picture, Table",0.5727
562759_page_172.png,3,"Page-header, Picture, Table",0.5396
562759_page_173.png,3,"Page-header, Picture, Table",0.5148
562759_page_174.png,2,"Page-header, Table",0.6792
562759_page_175.png,3,"Page-header, Picture, Table",0.5484
562759_page_176.png,3,"Page-header, Picture, Table",0.5821
562759_page_177.png,3,"Page-header, Picture, Table",0.5491
562759_page_178.png,3,"Page-header, Picture, Table",0.5789
562759_page_179.png,3,"Page-header, Picture, Table",0.489
562759_page_18.png,2,"Page-header, Table",0.5409
562759_page_180.png,1,Page-header,0.3145
562759_page_181.png,2,"Page-header, Table",0.6336
562759_page_182.png,3,"Page-header, Picture, Table",0.4669
562759_page_183.png,3,"Page-header, Picture, Table",0.5353
562759_page_184.png,3,"Page-header, Picture, Table",0.5411
562759_page_185.png,2,"Page-header, Table",0.7048
562759_page_186.png,3,"Page-header, Picture, Table",0.5141
562759_page_187.png,2,"Page-header, Table",0.5256
562759_page_188.png,3,"Page-header, Table",0.3698
562759_page_189.png,3,"Page-header, Picture, Table",0.463
562759_page_19.png,2,"Page-header, Table",0.5238
562759_page_190.png,3,"Page-header, Picture, Table",0.4746
562759_page_191.png,2,"Page-header, Table",0.6914
562759_page_192.png,3,"Page-header, Picture, Table",0.5661
562759_page_193.png,1,Page-header,0.3686
562759_page_194.png,2,"Page-header, Table",0.6668
562759_page_195.png,2,"Page-header, Table",0.5458
562759_page_196.png,2,"Page-header, Table",0.7752
562759_page_197.png,3,"Page-header, Picture, Table",0.5028
562759_page_198.png,2,"Page-header, Table",0.4897
562759_page_199.png,2,"Page-header, Table",0.6148
562759_page_2.png,23,"List-item, Page-header, Section-header, Text",0.5996
562759_page_20.png,1,Table,0.8473
562759_page_200.png,3,"Page-header, Picture, Table",0.5265
562759_page_201.png,3,"Page-header, Picture, Table",0.5093
562759_page_202.png,2,"Page-header, Table",0.7606
562759_page_203.png,2,"Page-header, Table",0.5106
562759_page_204.png,2,"Page-header, Table",0.7116
562759_page_205.png,3,"Page-header, Picture, Table",0.5254
562759_page_206.png,2,"Page-header, Table",0.7497
562759_page_207.png,2,"Page-header, Table",0.5756
562759_page_208.png,1,Page-header,0.3047
562759_page_209.png,2,"Page-header, Table",0.7281
562759_page_21.png,1,Page-header,0.5164
562759_page_210.png,2,"Page-header, Table",0.6419
562759_page_211.png,2,"Page-header, Table",0.7146
562759_page_212.png,3,"Page-header, Picture, Table",0.5067
562759_page_213.png,2,"Page-header, Table",0.6797
562759_page_214.png,2,"Page-header, Table",0.677
562759_page_215.png,3,"Page-header, Picture, Table",0.5673
562759_page_216.png,2,"Page-header, Table",0.6754
562759_page_217.png,2,"Page-header, Table",0.6213
562759_page_218.png,2,"Page-header, Table",0.7167
562759_page_219.png,3,"Page-header, Table",0.5396
562759_page_22.png,2,"Page-header, Table",0.5504
562759_page_220.png,2,"Page-header, Table",0.6117
562759_page_221.png,2,"Page-header, Table",0.7133
562759_page_222.png,2,"Page-header, Table",0.7414
562759_page_223.png,1,Page-header,0.479
562759_page_224.png,2,"Page-header, Table",0.5334
562759_page_225.png,2,"Page-header, Table",0.6574
562759_page_226.png,2,"Page-header, Table",0.6674
562759_page_227.png,3,"Page-header, Picture, Table",0.4796
562759_page_228.png,2,"Page-header, Table",0.6372
562759_page_229.png,2,"Page-header, Table",0.7134
562759_page_23.png,2,"Page-header, Table",0.6127
562759_page_230.png,2,"Picture, Table",0.5637
562759_page_231.png,2,"Page-header, Table",0.5957
562759_page_232.png,2,"Page-header, Table",0.6157
562759_page_233.png,2,"Page-header, Table",0.5691
562759_page_234.png,3,"Page-header, Picture, Table",0.6081
562759_page_235.png,2,"Page-header, Table",0.5726
562759_page_236.png,2,"Page-header, Table",0.6799
562759_page_237.png,2,"Page-header, Table",0.7445
562759_page_238.png,2,"Page-header, Table",0.6157
562759_page_239.png,2,"Page-header, Table",0.699
562759_page_24.png,2,"Page-header, Table",0.6855
562759_page_240.png,2,"Page-header, Table",0.6521
562759_page_241.png,2,"Page-header, Table",0.6811
562759_page_242.png,2,"Picture, Table",0.5068
562759_page_243.png,3,"Page-header, Table",0.5667
562759_page_244.png,2,"Page-header, Table",0.609
562759_page_245.png,2,"Page-header, Table",0.5236
562759_page_246.png,3,"Caption, Picture, Table",0.3957
562759_page_247.png,2,"Page-header, Table",0.4539
562759_page_248.png,2,"Page-header, Table",0.6548
562759_page_249.png,2,"Page-header, Table",0.5612
562759_page_25.png,2,"Page-header, Table",0.5616
562759_page_250.png,3,"Page-header, Picture, Table",0.5165
562759_page_251.png,1,Table,0.7549
562759_page_252.png,2,"Page-header, Table",0.6667
562759_page_253.png,3,"Page-header, Table",0.4835
562759_page_254.png,4,"Page-header, Picture, Table",0.4254
562759_page_255.png,1,Page-header,0.4112
562759_page_256.png,2,"Page-header, Table",0.3258
562759_page_257.png,2,"Page-header, Table",0.7462
562759_page_258.png,2,"Page-header, Table",0.719
562759_page_259.png,2,"Page-header, Table",0.6061
562759_page_26.png,2,"Page-header, Table",0.6109
562759_page_260.png,3,"Page-header, Picture, Table",0.4901
562759_page_261.png,2,"Page-header, Table",0.7787
562759_page_262.png,2,"Page-header, Table",0.5495
562759_page_263.png,2,"Page-header, Table",0.7053
562759_page_264.png,2,"Page-header, Table",0.622
562759_page_265.png,2,"Page-header, Table",0.6732
562759_page_266.png,2,"Page-header, Table",0.5654
562759_page_267.png,2,"Page-header, Table",0.6394
562759_page_268.png,2,"Page-header, Table",0.7343
562759_page_269.png,2,"Page-header, Table",0.621
562759_page_27.png,2,"Page-header, Table",0.5069
562759_page_270.png,3,"Page-header, Picture, Table",0.5151
562759_page_271.png,3,"Page-header, Picture, Table",0.6149
562759_page_272.png,2,"Page-header, Table",0.7686
562759_page_273.png,3,"Page-header, Picture, Table",0.5849
562759_page_274.png,3,"Page-header, Picture, Table",0.5838
562759_page_275.png,2,"Page-header, Table",0.7882
562759_page_276.png,3,"Page-header, Picture, Table",0.6359
562759_page_277.png,2,"Page-header, Table",0.7922
562759_page_278.png,2,"Page-header, Table",0.771
562759_page_279.png,2,"Page-header, Table",0.7739
562759_page_28.png,2,"Caption, Table",0.2976
562759_page_280.png,2,Table,0.5024
562759_page_281.png,3,"Page-header, Picture, Table",0.4958
562759_page_282.png,2,"Page-header, Table",0.5219
562759_page_283.png,3,"Page-header, Picture, Table",0.5711
562759_page_284.png,3,"Page-header, Picture, Table",0.5536
562759_page_285.png,2,"Page-header, Table",0.6291
562759_page_286.png,2,"Page-header, Table",0.3573
562759_page_287.png,2,"Page-header, Table",0.6934
562759_page_288.png,2,"Page-header, Table",0.4609
562759_page_289.png,2,"Page-header, Table",0.6689
562759_page_29.png,1,Table,0.7749
562759_page_290.png,2,"Page-header, Table",0.7872
562759_page_291.png,2,"Page-header, Table",0.5785
562759_page_292.png,2,"Page-header, Table",0.7726
562759_page_293.png,2,"Page-header, Table",0.7478
562759_page_294.png,2,"Page-header, Table",0.7308
562759_page_295.png,2,"Page-header, Table",0.8004
562759_page_296.png,2,"Page-header, Table",0.6478
562759_page_297.png,2,"Page-header, Table",0.5549
562759_page_298.png,2,"Page-header, Table",0.7129
562759_page_299.png,2,"Page-header, Table",0.7551
562759_page_3.png,15,"Page-header, Section-header, Text",0.7916
562759_page_30.png,2,"Caption, Table",0.5753
562759_page_300.png,2,"Page-header, Table",0.8046
562759_page_301.png,2,"Page-header, Table",0.6612
562759_page_302.png,2,"Page-header, Table",0.6654
562759_page_303.png,2,"Page-header, Table",0.7275
562759_page_304.png,2,"Page-header, Table",0.7923
562759_page_305.png,3,"Page-header, Picture, Table",0.5976
562759_page_306.png,3,"Page-header, Picture, Table",0.5702
562759_page_307.png,2,"Page-header, Table",0.7527
562759_page_308.png,2,"Page-header, Table",0.6396
562759_page_309.png,2,"Page-header, Table",0.8282
562759_page_31.png,2,"Caption, Table",0.5691
562759_page_310.png,2,"Page-header, Table",0.8002
562759_page_311.png,2,"Page-header, Table",0.7447
562759_page_312.png,2,"Page-header, Table",0.7969
562759_page_313.png,2,"Page-header, Table",0.7785
562759_page_314.png,2,"Page-header, Table",0.6551
562759_page_315.png,2,"Page-header, Table",0.7852
562759_page_316.png,2,"Page-header, Table",0.7733
562759_page_317.png,3,"Page-header, Picture, Table",0.6218
562759_page_318.png,2,"Page-header, Table",0.6786
562759_page_319.png,2,"Page-header, Table",0.5433
562759_page_32.png,2,"Page-header, Table",0.546
562759_page_320.png,2,"Page-header, Table",0.6642
562759_page_321.png,2,"Page-header, Table",0.6198
562759_page_322.png,1,Table,0.8132
562759_page_323.png,2,"Page-header, Table",0.7624
562759_page_324.png,2,"Page-header, Table",0.6763
562759_page_325.png,2,"Page-header, Table",0.7848
562759_page_326.png,3,"Page-header, Picture, Table",0.6165
562759_page_327.png,2,"Page-header, Table",0.8316
562759_page_328.png,3,"Page-header, Picture, Table",0.6078
562759_page_329.png,2,"Page-header, Table",0.7837
562759_page_33.png,2,"Page-header, Table",0.5269
562759_page_330.png,3,"Page-header, Table",0.5046
562759_page_331.png,2,"Page-header, Table",0.8343
562759_page_332.png,2,"Page-header, Table",0.7947
562759_page_333.png,3,"Page-header, Picture, Table",0.6101
562759_page_334.png,2,"Page-header, Table",0.6021
562759_page_335.png,3,"Page-header, Picture, Table",0.4832
562759_page_336.png,2,"Page-header, Table",0.7151
562759_page_337.png,2,"Page-header, Table",0.7377
562759_page_338.png,2,"Page-header, Table",0.7422
562759_page_339.png,2,"Page-header, Table",0.7771
562759_page_34.png,2,"Page-header, Table",0.5593
562759_page_340.png,2,"Page-header, Table",0.7334
562759_page_341.png,1,Page-header,0.3515
562759_page_342.png,2,"Page-header, Table",0.8346
562759_page_343.png,2,"Page-header, Table",0.8441
562759_page_344.png,2,"Page-header, Table",0.4722
562759_page_345.png,2,"Page-header, Table",0.7267
562759_page_346.png,3,"Page-header, Picture, Table",0.5061
562759_page_347.png,3,"Page-header, Picture, Table",0.5196
562759_page_348.png,1,Table,0.8654
562759_page_349.png,3,"Page-header, Picture, Table",0.5241
562759_page_35.png,2,"Page-header, Table",0.651
562759_page_350.png,2,"Page-header, Table",0.6461
562759_page_351.png,2,"Page-header, Table",0.6236
562759_page_352.png,2,"Picture, Table",0.4482
562759_page_353.png,2,"Page-header, Table",0.5145
562759_page_354.png,2,"Page-header, Table",0.6729
562759_page_355.png,3,"Page-header, Picture, Table",0.4588
562759_page_356.png,2,"Page-header, Table",0.7046
562759_page_357.png,2,"Page-header, Table",0.6808
562759_page_358.png,2,"Picture, Table",0.5146
562759_page_359.png,2,"Page-header, Table",0.4314
562759_page_36.png,2,"Page-header, Table",0.4368
562759_page_360.png,2,"Caption, Table",0.5699
562759_page_361.png,2,"Page-header, Table",0.5677
562759_page_362.png,1,Table,0.8727
562759_page_363.png,1,Table,0.7692
562759_page_364.png,1,Table,0.8387
562759_page_365.png,2,"Page-header, Table",0.5504
562759_page_366.png,2,"Page-header, Table",0.7342
562759_page_367.png,2,"Page-header, Table",0.608
562759_page_368.png,2,"Page-header, Table",0.5501
562759_page_369.png,2,"Page-header, Table",0.5807
562759_page_37.png,2,"Page-header, Table",0.687
562759_page_370.png,1,Table,0.8842
562759_page_371.png,2,"Page-header, Table",0.6838
562759_page_372.png,2,"Page-header, Table",0.716
562759_page_373.png,2,"Page-header, Table",0.755
562759_page_374.png,1,Table,0.7198
562759_page_375.png,2,"Page-header, Table",0.6769
562759_page_376.png,3,"Page-header, Picture, Table",0.4505
562759_page_377.png,2,"Page-header, Table",0.6086
562759_page_378.png,3,"Page-header, Picture, Table",0.5048
562759_page_379.png,2,"Page-header, Table",0.6592
562759_page_38.png,3,"Page-header, Picture, Table",0.4638
562759_page_380.png,2,"Page-header, Table",0.617
562759_page_381.png,1,Table,0.774
562759_page_382.png,2,"Page-header, Table",0.7376
562759_page_383.png,2,"Page-header, Table",0.6872
562759_page_384.png,2,"Page-header, Table",0.6675
562759_page_385.png,2,"Page-header, Table",0.6857
562759_page_386.png,1,Table,0.8399
562759_page_387.png,2,"Page-header, Table",0.6748
562759_page_388.png,2,"Page-header, Table",0.5412
562759_page_389.png,3,"Page-header, Picture, Table",0.5217
562759_page_39.png,2,"Page-header, Table",0.6186
562759_page_390.png,3,"Page-header, Picture, Table",0.4362
562759_page_391.png,2,"Page-header, Table",0.7281
562759_page_392.png,3,"Page-header, Picture, Table",0.5
562759_page_393.png,3,"Page-header, Picture, Table",0.534
562759_page_394.png,2,"Page-header, Table",0.6166
562759_page_395.png,1,Table,0.8752
562759_page_396.png,2,"Page-header, Table",0.6296
562759_page_397.png,2,"Page-header, Table",0.6488
562759_page_398.png,2,"Page-header, Table",0.7372
562759_page_399.png,2,"Page-header, Table",0.6037
562759_page_4.png,31,"Caption, List-item, Page-header, Picture, Text",0.6271
562759_page_40.png,2,"Page-header, Table",0.583
562759_page_400.png,2,"Page-header, Table",0.7153
562759_page_401.png,2,"Page-header, Table",0.596
562759_page_402.png,3,"Page-header, Picture, Table",0.4525
562759_page_403.png,2,"Page-header, Table",0.5619
562759_page_404.png,2,"Page-header, Table",0.6191
562759_page_405.png,2,"Page-header, Table",0.603
562759_page_406.png,2,"Caption, Table",0.5463
562759_page_407.png,2,"Picture, Table",0.5112
562759_page_408.png,1,Table,0.8276
562759_page_409.png,1,Table,0.8398
562759_page_41.png,3,"Page-header, Picture, Table",0.4609
562759_page_410.png,2,"Page-header, Table",0.709
562759_page_411.png,4,"Page-header, Picture, Table",0.5003
562759_page_412.png,2,"Page-header, Table",0.67
562759_page_413.png,2,"Caption, Table",0.5706
562759_page_414.png,2,"Page-header, Table",0.5782
562759_page_415.png,2,"Page-header, Table",0.4695
562759_page_416.png,2,"Page-header, Table",0.6522
562759_page_417.png,2,"Page-header, Table",0.7097
562759_page_418.png,2,"Page-header, Table",0.6896
562759_page_419.png,2,"Page-header, Table",0.6669
562759_page_42.png,2,"Page-header, Table",0.6721
562759_page_420.png,1,Table,0.8686
562759_page_421.png,3,"Page-header, Picture, Table",0.5522
562759_page_422.png,2,"Page-header, Table",0.638
562759_page_423.png,2,"Page-header, Table",0.5774
562759_page_424.png,2,"Page-header, Table",0.648
562759_page_425.png,2,"Caption, Table",0.5864
562759_page_426.png,2,"Page-header, Table",0.5505
562759_page_427.png,2,"Page-header, Table",0.7209
562759_page_428.png,2,"Caption, Table",0.6142
562759_page_429.png,2,"Caption, Table",0.4259
562759_page_43.png,2,"Page-header, Table",0.62
562759_page_430.png,2,"Page-header, Table",0.7016
562759_page_431.png,2,"Page-header, Table",0.6712
562759_page_432.png,3,"Page-header, Picture, Table",0.4722
562759_page_433.png,3,"Page-header, Picture, Table",0.4604
562759_page_434.png,3,"Page-header, Picture, Table",0.5622
562759_page_435.png,2,"Page-header, Table",0.6619
562759_page_436.png,2,"Page-header, Table",0.5786
562759_page_437.png,2,"Page-header, Table",0.6987
562759_page_438.png,1,Table,0.8321
562759_page_439.png,2,"Caption, Table",0.4278
562759_page_44.png,2,"Page-header, Table",0.6196
562759_page_440.png,2,"Page-header, Table",0.5429
562759_page_441.png,2,Table,0.3968
562759_page_442.png,3,"Page-header, Picture, Table",0.5825
562759_page_443.png,2,"Page-header, Table",0.5827
562759_page_444.png,3,"Caption, Picture, Table",0.4721
562759_page_445.png,3,"Page-header, Picture, Table",0.5453
562759_page_446.png,3,"Caption, Picture, Table",0.4857
562759_page_447.png,2,"Caption, Table",0.6364
562759_page_448.png,3,"Page-header, Picture, Table",0.4575
562759_page_449.png,2,"Picture, Table",0.5386
562759_page_45.png,3,"Page-header, Picture, Table",0.5342
562759_page_450.png,2,"Picture, Table",0.5358
562759_page_451.png,2,"Caption, Table",0.5548
562759_page_452.png,1,Caption,0.2817
562759_page_453.png,2,"Caption, Table",0.5985
562759_page_454.png,2,"Page-header, Table",0.57
562759_page_455.png,1,Table,0.685
562759_page_456.png,2,"Caption, Table",0.5844
562759_page_457.png,2,"Caption, Table",0.573
562759_page_458.png,2,"Picture, Table",0.4892
562759_page_459.png,2,"Caption, Table",0.5989
562759_page_46.png,2,"Page-header, Table",0.5812
562759_page_460.png,2,"Caption, Table",0.6585
562759_page_461.png,3,"Caption, Picture, Table",0.445
562759_page_462.png,2,"Page-header, Table",0.6097
562759_page_463.png,3,"Page-header, Picture, Table",0.5049
562759_page_464.png,3,"Page-header, Picture, Table",0.4991
562759_page_465.png,2,"Page-header, Table",0.5985
562759_page_466.png,2,"Caption, Table",0.5281
562759_page_467.png,2,"Caption, Table",0.552
562759_page_468.png,2,"Page-header, Table",0.6232
562759_page_469.png,2,"Caption, Table",0.6484
562759_page_47.png,2,"Page-header, Table",0.5775
562759_page_470.png,2,"Caption, Table",0.681
562759_page_471.png,3,"Caption, Picture, Table",0.4689
562759_page_472.png,3,"Page-header, Picture, Table",0.435
562759_page_473.png,3,"Caption, Picture, Table",0.4544
562759_page_474.png,2,"Page-header, Table",0.6699
562759_page_475.png,3,"Page-header, Table",0.3619
562759_page_476.png,2,"Picture, Table",0.4598
562759_page_477.png,1,Table,0.8552
562759_page_478.png,2,"Page-header, Table",0.5335
562759_page_479.png,3,"Caption, Picture, Table",0.4391
562759_page_48.png,1,Page-header,0.4333
562759_page_480.png,2,"Caption, Table",0.6041
562759_page_481.png,2,"Page-header, Table",0.6669
562759_page_482.png,2,"Page-header, Table",0.6105
562759_page_483.png,2,"Page-header, Table",0.5861
562759_page_484.png,3,"Page-header, Picture, Table",0.5049
562759_page_485.png,1,Table,0.5844
562759_page_486.png,3,"Page-header, Picture, Table",0.4885
562759_page_487.png,1,Table,0.8058
562759_page_488.png,2,"Caption, Table",0.5646
562759_page_489.png,1,Page-header,0.4244
562759_page_49.png,2,"Page-header, Table",0.6241
562759_page_490.png,2,"Caption, Table",0.6361
562759_page_491.png,3,"Page-header, Picture, Table",0.4877
562759_page_492.png,2,"Caption, Table",0.5058
562759_page_493.png,2,"Page-header, Table",0.585
562759_page_494.png,2,"Caption, Table",0.3643
562759_page_495.png,2,"Page-header, Table",0.5747
562759_page_496.png,1,Table,0.7365
562759_page_497.png,3,"Page-header, Picture, Table",0.5438
562759_page_498.png,2,"Caption, Table",0.5606
562759_page_499.png,2,"Page-header, Table",0.5546
562759_page_5.png,3,"Page-header, Picture, Table",0.5916
562759_page_50.png,1,Table,0.8544
562759_page_500.png,3,"Caption, Table",0.316
562759_page_501.png,2,"Page-header, Table",0.3444
562759_page_502.png,2,"Page-header, Table",0.6956
562759_page_503.png,2,"Caption, Table",0.5628
562759_page_504.png,2,"Picture, Table",0.4909
562759_page_505.png,2,"Page-header, Table",0.6488
562759_page_506.png,2,"Page-header, Table",0.4161
562759_page_507.png,2,"Page-header, Table",0.6494
562759_page_508.png,2,"Page-header, Table",0.5808
562759_page_509.png,2,"Page-header, Table",0.5914
562759_page_51.png,1,Table,0.8525
562759_page_510.png,3,"Page-header, Picture, Table",0.5154
562759_page_511.png,2,"Page-header, Table",0.6957
562759_page_512.png,2,Table,0.5377
562759_page_513.png,2,"Page-header, Table",0.5752
562759_page_514.png,1,Table,0.8358
562759_page_515.png,2,"Picture, Table",0.5326
562759_page_516.png,2,"Picture, Table",0.5251
562759_page_517.png,2,"Picture, Table",0.5403
562759_page_518.png,2,"Picture, Table",0.5433
562759_page_519.png,2,"Picture, Table",0.5487
562759_page_52.png,2,"Page-header, Table",0.5428
562759_page_520.png,3,"Caption, Picture, Table",0.4137
562759_page_521.png,2,"Picture, Table",0.5201
562759_page_522.png,2,"Picture, Table",0.5395
562759_page_523.png,1,Table,0.8695
562759_page_524.png,2,"Caption, Table",0.5847
562759_page_525.png,1,Table,0.8712
562759_page_526.png,2,"Caption, Table",0.5884
562759_page_527.png,2,"Page-header, Table",0.4139
562759_page_528.png,2,"Page-header, Table",0.6923
562759_page_529.png,2,"Page-header, Table",0.6289
562759_page_53.png,2,"Page-header, Table",0.5621
562759_page_530.png,2,"Caption, Table",0.6197
562759_page_531.png,2,"Caption, Table",0.5859
562759_page_532.png,3,"Caption, Table",0.6622
562759_page_533.png,2,"Caption, Table",0.4486
562759_page_534.png,2,"Caption, Table",0.5547
562759_page_535.png,1,Table,0.834
562759_page_536.png,1,Table,0.6729
562759_page_537.png,1,Table,0.906
562759_page_538.png,2,"Page-header, Table",0.6058
562759_page_539.png,1,Table,0.9138
562759_page_54.png,1,Table,0.8617
562759_page_540.png,2,"Caption, Table",0.5823
562759_page_541.png,1,Table,0.4701
562759_page_542.png,0,,0.0
562759_page_543.png,1,Table,0.8514
562759_page_544.png,1,Table,0.8944
562759_page_545.png,1,Table,0.8991
562759_page_546.png,2,"Caption, Table",0.5084
562759_page_547.png,1,Table,0.7802
562759_page_548.png,2,"Page-header, Table",0.6491
562759_page_549.png,1,Table,0.8353
562759_page_55.png,2,"Page-header, Table",0.6265
562759_page_550.png,1,Table,0.8662
562759_page_551.png,1,Table,0.5758
562759_page_552.png,1,Table,0.8725
562759_page_553.png,1,Table,0.8083
562759_page_554.png,2,"Caption, Table",0.5353
562759_page_555.png,2,"Caption, Table",0.5649
562759_page_556.png,2,"Caption, Table",0.5514
562759_page_557.png,1,Table,0.8801
562759_page_558.png,1,Table,0.8021
562759_page_559.png,2,"Caption, Table",0.6036
562759_page_56.png,2,"Caption, Table",0.5624
562759_page_560.png,2,"Caption, Table",0.4382
562759_page_561.png,2,"Caption, Table",0.5954
562759_page_562.png,2,"Caption, Table",0.5351
562759_page_563.png,2,"Caption, Table",0.5779
562759_page_564.png,2,"Caption, Table",0.4755
562759_page_565.png,0,,0.0
562759_page_566.png,2,"Caption, Table",0.5694
562759_page_567.png,1,Table,0.873
562759_page_568.png,2,"Caption, Table",0.341
562759_page_569.png,2,"Caption, Table",0.5481
562759_page_57.png,2,"Page-header, Table",0.6858
562759_page_570.png,2,"Caption, Table",0.5005
562759_page_571.png,2,"Page-header, Table",0.5465
562759_page_572.png,2,"Picture, Table",0.5603
562759_page_573.png,3,"Caption, Table",0.4242
562759_page_574.png,2,"Picture, Table",0.557
562759_page_575.png,1,Table,0.6487
562759_page_576.png,1,Table,0.7707
562759_page_577.png,1,Table,0.853
562759_page_578.png,1,Table,0.8591
562759_page_579.png,2,"Caption, Table",0.5515
562759_page_58.png,2,"Page-header, Table",0.5659
562759_page_580.png,2,"Page-header, Table",0.5304
562759_page_581.png,2,"Caption, Table",0.4429
562759_page_582.png,2,"Caption, Table",0.6007
562759_page_583.png,2,"Caption, Table",0.5971
562759_page_584.png,2,"Caption, Table",0.5987
562759_page_585.png,1,Table,0.8563
562759_page_586.png,2,"Picture, Table",0.5178
562759_page_587.png,1,Table,0.8376
562759_page_588.png,3,"Page-header, Picture, Table",0.4752
562759_page_589.png,2,"Caption, Table",0.5757
562759_page_59.png,2,"Page-header, Table",0.6106
562759_page_590.png,2,"Caption, Table",0.6456
562759_page_591.png,2,"Caption, Table",0.3698
562759_page_592.png,1,Table,0.8544
562759_page_593.png,1,Table,0.8521
562759_page_594.png,1,Table,0.8059
562759_page_595.png,1,Table,0.7059
562759_page_596.png,2,Table,0.28
562759_page_597.png,1,Table,0.8458
562759_page_598.png,1,Table,0.8915
562759_page_599.png,1,Table,0.874
562759_page_6.png,2,"Caption, Table",0.5788
562759_page_60.png,2,"Caption, Table",0.6052
562759_page_600.png,1,Table,0.8344
562759_page_601.png,2,"Page-header, Table",0.6083
562759_page_602.png,1,Table,0.8537
562759_page_603.png,2,"Caption, Table",0.5656
562759_page_604.png,3,"Caption, Table",0.4302
562759_page_605.png,3,"Page-header, Table",0.4508
562759_page_606.png,3,"Page-header, Picture, Table",0.5381
562759_page_607.png,2,"Picture, Table",0.5518
562759_page_608.png,1,Table,0.8354
562759_page_609.png,1,Table,0.8092
562759_page_61.png,2,"Page-header, Table",0.6134
562759_page_610.png,1,Page-header,0.3795
562759_page_611.png,1,Table,0.8555
562759_page_612.png,3,"Page-header, Picture, Table",0.5032
562759_page_613.png,1,Table,0.6145
562759_page_614.png,2,"Caption, Table",0.6199
562759_page_615.png,2,"Caption, Table",0.5704
562759_page_616.png,2,"Caption, Table",0.4529
562759_page_617.png,2,"Caption, Table",0.5918
562759_page_618.png,3,"Caption, Page-header, Table",0.4658
562759_page_619.png,2,"Caption, Table",0.6393
562759_page_62.png,2,"Page-header, Table",0.5582
562759_page_620.png,2,"Caption, Table",0.6892
562759_page_621.png,2,"Caption, Table",0.5749
562759_page_622.png,2,"Page-header, Table",0.6043
562759_page_623.png,2,"Caption, Table",0.5708
562759_page_624.png,1,Table,0.7944
562759_page_625.png,1,Table,0.8221
562759_page_626.png,1,Table,0.7807
562759_page_627.png,2,"Page-header, Table",0.5497
562759_page_628.png,2,"Caption, Table",0.5485
562759_page_629.png,2,"Caption, Table",0.5178
562759_page_63.png,1,Table,0.8298
562759_page_630.png,2,"Caption, Table",0.5789
562759_page_631.png,1,Table,0.8502
562759_page_632.png,2,"Caption, Table",0.5387
562759_page_633.png,2,"Caption, Table",0.5359
562759_page_634.png,3,"Page-header, Picture, Table",0.4474
562759_page_635.png,1,Table,0.7602
562759_page_636.png,2,"Page-header, Table",0.5888
562759_page_637.png,1,Table,0.8018
562759_page_638.png,2,"Caption, Table",0.3778
562759_page_639.png,1,Table,0.5311
562759_page_64.png,2,"Page-header, Table",0.6338
562759_page_640.png,2,"Caption, Table",0.3195
562759_page_641.png,2,"Page-header, Table",0.5827
562759_page_642.png,2,"Page-header, Table",0.5919
562759_page_643.png,2,"Page-header, Table",0.5992
562759_page_644.png,2,"Page-header, Table",0.599
562759_page_645.png,2,"Page-header, Table",0.5796
562759_page_646.png,2,"Page-header, Table",0.5443
562759_page_647.png,2,"Page-header, Table",0.6313
562759_page_648.png,2,"Page-header, Table",0.6599
562759_page_649.png,1,Table,0.8541
562759_page_65.png,3,"Page-header, Picture, Table",0.4818
562759_page_650.png,2,"Page-header, Table",0.5739
562759_page_651.png,1,Table,0.6493
562759_page_652.png,1,Table,0.848
562759_page_653.png,0,,0.0
562759_page_654.png,2,"Caption, Table",0.6376
562759_page_655.png,2,"Caption, Table",0.6406
562759_page_656.png,2,"Caption, Table",0.68
562759_page_657.png,2,"Caption, Table",0.5423
562759_page_658.png,3,"Caption, Page-header, Table",0.4225
562759_page_659.png,2,"Caption, Table",0.6671
562759_page_66.png,3,"Page-header, Picture, Table",0.4798
562759_page_660.png,2,"Caption, Table",0.6328
562759_page_661.png,2,"Caption, Table",0.5727
562759_page_662.png,2,"Caption, Table",0.5773
562759_page_663.png,2,"Caption, Table",0.614
562759_page_664.png,2,"Caption, Table",0.6465
562759_page_665.png,3,"Caption, Picture, Table",0.4693
562759_page_666.png,3,"Caption, Picture, Table",0.4835
562759_page_667.png,1,Table,0.8287
562759_page_668.png,3,"Caption, Picture, Table",0.4498
562759_page_669.png,3,"Caption, Picture, Table",0.5041
562759_page_67.png,2,"Page-header, Table",0.6643
562759_page_670.png,3,"Caption, Picture, Table",0.5053
562759_page_671.png,2,"Caption, Table",0.5647
562759_page_672.png,3,"Page-header, Picture, Table",0.4715
562759_page_673.png,3,"Caption, Picture, Table",0.4628
562759_page_674.png,2,"Page-header, Table",0.6165
562759_page_675.png,3,"Page-header, Picture, Table",0.4719
562759_page_676.png,3,"Page-header, Picture, Table",0.4902
562759_page_677.png,3,"Page-header, Picture, Table",0.5207
562759_page_678.png,2,"Page-header, Table",0.5849
562759_page_679.png,2,"Picture, Table",0.5649
562759_page_68.png,2,"Page-header, Table",0.6337
562759_page_680.png,1,Table,0.4299
562759_page_681.png,2,"Picture, Table",0.5647
562759_page_682.png,2,"Picture, Table",0.4321
562759_page_683.png,1,Table,0.3087
562759_page_684.png,2,"Picture, Table",0.5651
562759_page_685.png,3,"Page-header, Picture, Table",0.4686
562759_page_686.png,2,"Picture, Table",0.5584
562759_page_687.png,3,"Page-header, Picture, Table",0.4634
562759_page_688.png,2,"Page-header, Table",0.5736
562759_page_689.png,2,"Page-header, Table",0.4933
562759_page_69.png,2,"Picture, Table",0.5385
562759_page_690.png,1,Table,0.8112
562759_page_691.png,2,"Page-header, Table",0.5071
562759_page_692.png,1,Page-header,0.3827
562759_page_693.png,3,"Page-header, Picture, Table",0.4922
562759_page_694.png,3,"Page-header, Picture, Table",0.5004
562759_page_695.png,3,"Page-header, Picture, Table",0.5011
562759_page_696.png,3,"Page-header, Picture, Table",0.4805
562759_page_697.png,2,"Picture, Table",0.5106
562759_page_698.png,3,"Page-header, Picture, Table",0.5214
562759_page_699.png,2,"Page-header, Table",0.5528
562759_page_7.png,2,"Page-header, Table",0.6022
562759_page_70.png,3,"Page-header, Picture, Table",0.4568
562759_page_700.png,2,"Caption, Table",0.466
562759_page_701.png,1,Table,0.8042
562759_page_702.png,1,Table,0.8148
562759_page_703.png,1,Table,0.4928
562759_page_704.png,1,Table,0.849
562759_page_705.png,1,Page-header,0.3341
562759_page_706.png,1,Table,0.2711
562759_page_707.png,1,Page-header,0.3249
562759_page_708.png,2,"Page-header, Table",0.5759
562759_page_709.png,1,Table,0.8671
562759_page_71.png,2,"Picture, Table",0.5129
562759_page_710.png,1,Table,0.8149
562759_page_711.png,1,Table,0.819
562759_page_712.png,2,"Page-header, Table",0.544
562759_page_713.png,2,Table,0.4097
562759_page_714.png,1,Table,0.7216
562759_page_715.png,1,Table,0.4147
562759_page_716.png,2,"Page-header, Table",0.6431
562759_page_717.png,2,"Page-header, Table",0.6279
562759_page_718.png,2,"Page-header, Table",0.6594
562759_page_719.png,2,"Page-header, Table",0.6293
562759_page_72.png,3,"Page-header, Picture, Table",0.4487
562759_page_720.png,2,"Caption, Table",0.5587
562759_page_721.png,1,Table,0.8083
562759_page_722.png,1,Table,0.8007
562759_page_723.png,2,"Page-header, Table",0.616
562759_page_724.png,2,"Page-header, Table",0.6465
562759_page_725.png,2,"Page-header, Table",0.6786
562759_page_726.png,1,Table,0.8803
562759_page_727.png,2,"Page-header, Table",0.6795
562759_page_728.png,2,"Caption, Table",0.5514
562759_page_729.png,3,"Page-header, Picture, Table",0.4506
562759_page_73.png,2,"Page-header, Table",0.5607
562759_page_730.png,3,"Page-header, Picture, Table",0.4781
562759_page_731.png,2,"Page-header, Table",0.6141
562759_page_732.png,3,"Page-header, Picture, Table",0.5052
562759_page_733.png,2,"Page-header, Table",0.5904
562759_page_734.png,3,"Page-header, Picture, Table",0.521
562759_page_735.png,3,"Page-header, Picture, Table",0.4765
562759_page_736.png,3,"Page-header, Picture, Table",0.4935
562759_page_737.png,2,"Page-header, Table",0.5574
562759_page_738.png,2,"Page-header, Table",0.5647
562759_page_739.png,2,"Page-header, Table",0.6273
562759_page_74.png,2,"Page-header, Table",0.5726
562759_page_740.png,1,Page-header,0.6428
562759_page_741.png,3,"Page-header, Picture, Table",0.5458
562759_page_742.png,1,Table,0.8391
562759_page_743.png,2,"Page-header, Table",0.6679
562759_page_744.png,3,"Page-header, Picture, Table",0.4648
562759_page_745.png,2,"Page-header, Table",0.612
562759_page_746.png,3,"Caption, Picture, Table",0.4947
562759_page_747.png,3,"Page-header, Picture, Table",0.5486
562759_page_748.png,2,"Page-header, Table",0.2974
562759_page_749.png,3,"Caption, Picture, Table",0.4931
562759_page_75.png,2,"Page-header, Table",0.6631
562759_page_750.png,2,"Page-header, Table",0.5319
562759_page_751.png,2,"Caption, Table",0.6061
562759_page_752.png,2,"Page-header, Table",0.3684
562759_page_753.png,1,Table,0.8554
562759_page_754.png,2,"Page-header, Table",0.5871
562759_page_755.png,2,"Page-header, Table",0.4642
562759_page_756.png,2,"Caption, Table",0.641
562759_page_757.png,2,"Caption, Table",0.5908
562759_page_758.png,1,Page-header,0.4733
562759_page_759.png,3,"Caption, Page-header, Table",0.4718
562759_page_76.png,2,"Page-header, Table",0.6063
562759_page_760.png,2,"Caption, Table",0.6648
562759_page_761.png,2,"Page-header, Table",0.6271
562759_page_762.png,3,"Caption, Picture, Table",0.4559
562759_page_763.png,1,Page-header,0.4056
562759_page_764.png,3,"Caption, Picture, Table",0.4573
562759_page_765.png,2,"Page-header, Table",0.6652
562759_page_766.png,3,"Page-header, Picture, Table",0.5497
562759_page_767.png,2,"Page-header, Table",0.6618
562759_page_768.png,2,"Page-header, Table",0.6576
562759_page_769.png,2,"Caption, Table",0.5545
562759_page_77.png,2,"Page-header, Table",0.6381
562759_page_770.png,1,Page-header,0.3733
562759_page_771.png,1,Table,0.7044
562759_page_772.png,2,"Page-header, Table",0.6304
562759_page_773.png,2,"Page-header, Table",0.6166
562759_page_774.png,2,"Page-header, Table",0.7222
562759_page_775.png,2,"Page-header, Table",0.5851
562759_page_776.png,2,"Page-header, Table",0.625
562759_page_777.png,2,"Page-header, Table",0.7825
562759_page_778.png,2,"Page-header, Table",0.638
562759_page_779.png,2,"Page-header, Table",0.6665
562759_page_78.png,2,"Page-header, Table",0.6014
562759_page_780.png,2,"Page-header, Table",0.6808
562759_page_781.png,3,"Page-header, Picture, Table",0.4792
562759_page_782.png,3,"Caption, Picture, Table",0.4369
562759_page_783.png,2,"Page-header, Table",0.5646
562759_page_784.png,2,"Caption, Table",0.6029
562759_page_785.png,2,"Page-header, Table",0.6747
562759_page_786.png,2,"Page-header, Table",0.6388
562759_page_787.png,2,"Page-header, Table",0.6291
562759_page_788.png,2,"Page-header, Table",0.5054
562759_page_789.png,2,"Page-header, Table",0.5795
562759_page_79.png,2,"Page-header, Table",0.5582
562759_page_790.png,2,"Page-header, Table",0.5493
562759_page_791.png,2,"Page-header, Table",0.5133
562759_page_792.png,3,"Page-header, Picture, Table",0.4895
562759_page_793.png,2,"Picture, Table",0.5118
562759_page_794.png,2,"Page-header, Table",0.6425
562759_page_795.png,2,"Page-header, Table",0.5706
562759_page_796.png,2,"Page-header, Table",0.6978
562759_page_797.png,2,"Page-header, Table",0.486
562759_page_798.png,3,"Page-header, Picture, Table",0.6015
562759_page_799.png,3,"Page-header, Picture, Table",0.5574
562759_page_8.png,2,"Page-header, Table",0.3608
562759_page_80.png,2,"Page-header, Table",0.5437
562759_page_800.png,2,"Page-header, Table",0.7058
562759_page_801.png,2,"Page-header, Table",0.6708
562759_page_802.png,2,"Page-header, Table",0.6543
562759_page_803.png,2,"Page-header, Table",0.588
562759_page_804.png,2,"Page-header, Table",0.6744
562759_page_805.png,2,"Page-header, Table",0.4414
562759_page_806.png,2,"Page-header, Table",0.6173
562759_page_807.png,2,"Page-header, Table",0.6471
562759_page_808.png,2,"Page-header, Table",0.4716
562759_page_809.png,1,Page-header,0.4857
562759_page_81.png,2,"Page-header, Table",0.6161
562759_page_810.png,2,"Page-header, Table",0.6836
562759_page_811.png,2,"Page-header, Table",0.671
562759_page_812.png,2,"Page-header, Table",0.6978
562759_page_813.png,2,"Page-header, Table",0.6695
562759_page_814.png,2,"Page-header, Table",0.6735
562759_page_815.png,2,"Page-header, Table",0.6019
562759_page_816.png,3,"Page-header, Table",0.4945
562759_page_817.png,2,"Page-header, Table",0.7364
562759_page_818.png,2,"Page-header, Table",0.2814
562759_page_819.png,1,Table,0.8771
562759_page_82.png,2,"Page-header, Table",0.5979
562759_page_820.png,2,"Page-header, Table",0.5153
562759_page_821.png,2,"Page-header, Table",0.5975
562759_page_822.png,2,"Page-header, Table",0.5994
562759_page_823.png,2,"Page-header, Table",0.7077
562759_page_824.png,2,"Caption, Table",0.4778
562759_page_825.png,2,"Page-header, Table",0.5985
562759_page_826.png,2,"Page-header, Table",0.5531
562759_page_827.png,2,"Page-header, Table",0.7136
562759_page_828.png,2,"Page-header, Table",0.6073
562759_page_829.png,2,"Page-header, Table",0.6895
562759_page_83.png,2,"Page-header, Table",0.6218
562759_page_830.png,2,"Page-header, Table",0.7394
562759_page_831.png,2,"Page-header, Table",0.6373
562759_page_832.png,2,"Page-header, Table",0.3285
562759_page_833.png,2,"Page-header, Table",0.6784
562759_page_834.png,2,"Page-header, Table",0.7475
562759_page_835.png,2,"Page-header, Table",0.6977
562759_page_836.png,2,"Page-header, Table",0.5098
562759_page_837.png,2,"Page-header, Table",0.746
562759_page_838.png,3,"Page-header, Picture, Table",0.5507
562759_page_839.png,2,"Page-header, Table",0.6591
562759_page_84.png,4,"Page-header, Picture, Table",0.4927
562759_page_840.png,3,"Page-header, Picture, Table",0.5185
562759_page_841.png,3,"Page-header, Picture, Table",0.5288
562759_page_842.png,2,"Page-header, Table",0.6727
562759_page_843.png,2,"Page-header, Table",0.6615
562759_page_844.png,2,"Page-header, Table",0.5604
562759_page_845.png,2,"Page-header, Table",0.6621
562759_page_846.png,2,"Page-header, Table",0.6653
562759_page_847.png,3,"Page-header, Picture, Table",0.5097
562759_page_848.png,2,"Page-header, Table",0.6559
562759_page_849.png,2,"Page-header, Table",0.6474
562759_page_85.png,2,"Page-header, Table",0.6579
562759_page_850.png,2,"Page-header, Table",0.6076
562759_page_851.png,2,"Page-header, Table",0.6948
562759_page_852.png,2,"Page-header, Table",0.626
562759_page_853.png,2,"Page-header, Table",0.6244
562759_page_854.png,2,"Page-header, Table",0.6131
562759_page_855.png,2,"Page-header, Table",0.7331
562759_page_856.png,3,"Page-header, Table",0.3629
562759_page_857.png,1,Table,0.7449
562759_page_858.png,2,"Page-header, Table",0.2734
562759_page_859.png,2,"Page-header, Table",0.6324
562759_page_86.png,3,"Page-header, Picture, Table",0.4967
562759_page_860.png,2,"Page-header, Table",0.6454
562759_page_861.png,3,"Page-header, Picture, Table",0.5581
562759_page_862.png,2,"Page-header, Table",0.6986
562759_page_863.png,2,"Page-header, Table",0.6387
562759_page_864.png,2,"Page-header, Table",0.589
562759_page_865.png,2,"Page-header, Table",0.5276
562759_page_866.png,2,"Page-header, Table",0.5956
562759_page_867.png,2,"Page-header, Table",0.6018
562759_page_868.png,2,"Page-header, Table",0.7098
562759_page_869.png,3,"Page-header, Table",0.4875
562759_page_87.png,3,"Page-header, Picture, Table",0.5424
562759_page_870.png,2,"Caption, Table",0.5853
562759_page_871.png,2,"Page-header, Table",0.6163
562759_page_872.png,2,"Page-header, Table",0.5171
562759_page_873.png,2,"Page-header, Table",0.6052
562759_page_874.png,2,"Page-header, Table",0.669
562759_page_875.png,2,"Page-header, Table",0.635
562759_page_876.png,2,"Page-header, Table",0.674
562759_page_877.png,2,"Page-header, Table",0.6898
562759_page_878.png,2,"Page-header, Table",0.6784
562759_page_879.png,2,"Page-header, Table",0.6285
562759_page_88.png,3,"Page-header, Picture, Table",0.5245
562759_page_880.png,2,"Page-header, Table",0.5624
562759_page_881.png,2,"Page-header, Table",0.6869
562759_page_882.png,1,Page-header,0.7362
562759_page_883.png,2,"Page-header, Table",0.6672
562759_page_884.png,2,"Page-header, Table",0.6408
562759_page_885.png,2,"Page-header, Table",0.7168
562759_page_886.png,3,"Page-header, Table",0.565
562759_page_887.png,2,"Page-header, Table",0.7412
562759_page_888.png,2,"Page-header, Table",0.6421
562759_page_889.png,2,"Page-header, Table",0.7185
562759_page_89.png,2,"Page-header, Table",0.6044
562759_page_890.png,2,"Page-header, Table",0.7139
562759_page_891.png,2,"Page-header, Table",0.8025
562759_page_892.png,3,"Page-header, Picture, Table",0.5946
562759_page_893.png,2,"Page-header, Table",0.6061
562759_page_894.png,2,"Page-header, Table",0.5908
562759_page_895.png,3,"Page-header, Picture, Table",0.6007
562759_page_896.png,2,"Page-header, Table",0.4786
562759_page_897.png,2,"Page-header, Table",0.6944
562759_page_898.png,2,"Page-header, Table",0.6853
562759_page_899.png,2,"Page-header, Table",0.7698
562759_page_9.png,1,Table,0.8225
562759_page_90.png,2,"Page-header, Table",0.608
562759_page_900.png,2,"Page-header, Table",0.8008
562759_page_901.png,2,"Page-header, Table",0.7036
562759_page_902.png,2,"Page-header, Table",0.5362
562759_page_903.png,2,"Page-header, Table",0.6259
562759_page_904.png,2,"Page-header, Table",0.5847
562759_page_905.png,2,"Page-header, Table",0.6759
562759_page_906.png,2,"Page-header, Table",0.6454
562759_page_907.png,2,"Page-header, Table",0.6871
562759_page_908.png,2,"Page-header, Table",0.7571
562759_page_909.png,1,Page-header,0.4234
562759_page_91.png,3,"Page-header, Picture, Table",0.5411
562759_page_910.png,3,"Page-header, Table",0.337
562759_page_911.png,2,"Page-header, Table",0.6774
562759_page_912.png,2,"Page-header, Table",0.6905
562759_page_913.png,2,"Page-header, Table",0.5821
562759_page_914.png,2,"Page-header, Table",0.5721
562759_page_915.png,2,"Page-header, Table",0.5723
562759_page_916.png,2,"Page-header, Table",0.655
562759_page_917.png,2,"Page-header, Table",0.5764
562759_page_918.png,2,"Page-header, Table",0.5747
562759_page_919.png,2,"Page-header, Table",0.6329
562759_page_92.png,2,"Page-header, Table",0.6299
562759_page_920.png,2,"Page-header, Table",0.5973
562759_page_921.png,2,"Page-header, Table",0.6225
562759_page_922.png,2,"Page-header, Table",0.6872
562759_page_923.png,2,"Page-header, Table",0.6468
562759_page_924.png,2,"Page-header, Table",0.637
562759_page_925.png,2,Table,0.766
562759_page_926.png,2,"Page-header, Table",0.695
562759_page_927.png,2,"Page-header, Table",0.6797
562759_page_928.png,2,"Page-header, Table",0.7095
562759_page_929.png,2,"Page-header, Table",0.5999
562759_page_93.png,2,"Page-header, Table",0.6291
562759_page_930.png,1,Table,0.88
562759_page_931.png,2,"Page-header, Table",0.5955
562759_page_932.png,2,"Page-header, Table",0.5094
562759_page_933.png,2,"Page-header, Table",0.7229
562759_page_934.png,2,"Page-header, Table",0.5927
562759_page_935.png,2,"Page-header, Table",0.6372
562759_page_936.png,2,"Page-header, Table",0.6278
562759_page_937.png,2,"Page-header, Table",0.7207
562759_page_938.png,2,"Page-header, Table",0.6234
562759_page_939.png,2,"Page-header, Table",0.4747
562759_page_94.png,4,"Page-header, Picture, Table",0.4908
562759_page_940.png,2,"Page-header, Table",0.6786
562759_page_941.png,2,"Page-header, Table",0.5328
562759_page_942.png,1,Page-header,0.3473
562759_page_943.png,1,Table,0.7898
562759_page_944.png,3,"Page-header, Picture, Table",0.5326
562759_page_945.png,2,"Page-header, Table",0.5874
562759_page_946.png,2,"Page-header, Table",0.5601
562759_page_947.png,2,"Page-header, Table",0.5545
562759_page_948.png,1,Table,0.8466
562759_page_949.png,2,"Page-header, Table",0.6305
562759_page_95.png,3,"Page-header, Picture, Table",0.5304
562759_page_950.png,3,"Page-header, Table",0.4693
562759_page_951.png,2,"Page-header, Table",0.5679
562759_page_952.png,2,"Page-header, Table",0.7194
562759_page_953.png,1,Table,0.8839
562759_page_954.png,2,"Page-header, Table",0.7001
562759_page_955.png,2,"Page-header, Table",0.5858
562759_page_956.png,2,"Page-header, Table",0.4359
562759_page_957.png,2,"Page-header, Table",0.5356
562759_page_958.png,2,"Page-header, Table",0.6727
562759_page_959.png,2,"Page-header, Table",0.5667
562759_page_96.png,4,"Page-header, Picture, Table",0.4731
562759_page_960.png,2,"Page-header, Table",0.5858
562759_page_961.png,3,"Page-header, Table",0.3052
562759_page_962.png,2,"Page-header, Table",0.5421
562759_page_963.png,2,"Page-header, Table",0.6052
562759_page_964.png,2,"Page-header, Table",0.604
562759_page_965.png,2,"Page-header, Table",0.5855
562759_page_966.png,2,"Page-header, Table",0.5114
562759_page_967.png,2,"Page-header, Table",0.5424
562759_page_968.png,1,Table,0.4687
562759_page_969.png,2,"Page-header, Table",0.5282
562759_page_97.png,2,"Page-header, Table",0.6529
562759_page_970.png,2,"Page-header, Table",0.569
562759_page_971.png,2,"Page-header, Table",0.6955
562759_page_972.png,2,"Page-header, Table",0.7499
562759_page_973.png,2,"Page-header, Table",0.6655
562759_page_974.png,2,"Page-header, Table",0.7395
562759_page_975.png,1,Table,0.8261
562759_page_976.png,2,"Page-header, Table",0.7071
562759_page_977.png,2,"Page-header, Table",0.7841
562759_page_978.png,2,"Page-header, Table",0.7617
562759_page_979.png,2,"Page-header, Table",0.5964
562759_page_98.png,3,"Page-header, Table",0.4706
562759_page_980.png,2,"Page-header, Table",0.5984
562759_page_981.png,3,"Page-header, Picture, Table",0.4229
562759_page_982.png,3,"Page-header, Picture, Table",0.546
562759_page_983.png,3,"Page-header, Picture, Table",0.5171
562759_page_984.png,2,"Page-header, Table",0.4354
562759_page_985.png,2,"Page-header, Table",0.3993
562759_page_986.png,2,"Page-header, Table",0.3463
562759_page_987.png,3,"Page-header, Picture, Table",0.4917
562759_page_988.png,1,Table,0.7903
562759_page_989.png,2,"Picture, Table",0.4441
562759_page_99.png,2,"Page-header, Table",0.5625
562759_page_990.png,2,"Caption, Table",0.5364
562759_page_991.png,2,"Page-header, Table",0.6122
562759_page_992.png,2,"Page-header, Table",0.606
562759_page_993.png,2,"Page-header, Table",0.6358
562759_page_994.png,2,"Page-header, Table",0.6212
562759_page_995.png,2,"Page-header, Table",0.6539
562759_page_996.png,2,"Page-header, Table",0.4083
562759_page_997.png,2,"Page-header, Table",0.6213
562759_page_998.png,2,"Page-header, Table",0.4916
562759_page_999.png,2,"Page-header, Table",0.598
